molecule,n_atoms,geometry_parameter_angstrom,method_variant,num_threads,iteration,basis_dimension_before_screening,basis_dimension_after_zero_screening,basis_dimension_after_screening,kappa,k_param_norm,k_param_shape,k_params,ritz_energy_hartree,fci_energy_hartree,abs_error_hartree,overlap_lambda_min_raw,overlap_lambda_min_retained,overlap_lambda_max_retained,overlap_condition_number,selection_mode,selected_projector_index,selected_projector,winning_selection_score,added_subset_label
H6,6,2.0,frozen_K,4,0,2,2,2,2.545654107334202,2.545654107334202,generalized_same_spin_vector,+2.6179938779914941e-02 +5.2359877559829883e-02 +7.8539816339744828e-02 +1.0471975511965977e-01 +1.3089969389957470e-01 +1.5707963267948966e-01 +1.8325957145940461e-01 +2.0943951023931953e-01 +2.3561944901923448e-01 +2.6179938779914941e-01 +2.8797932657906433e-01 +3.1415926535897931e-01 +3.4033920413889429e-01 +3.6651914291880922e-01 +3.9269908169872414e-01 +4.1887902047863906e-01 +4.4505895925855399e-01 +4.7123889803846897e-01 +4.9741883681838389e-01 +5.2359877559829882e-01 +5.4977871437821380e-01 +5.7595865315812866e-01 +6.0213859193804375e-01 +6.2831853071795862e-01 +6.5449846949787360e-01 +6.8067840827778858e-01 +7.0685834705770345e-01 +7.3303828583761843e-01 +7.5921822461753330e-01 +7.8539816339744828e-01,-2.3685398036129675,-2.8471921339556028,0.4786523303426353,0.019268228298871648,0.019268228298871648,1.9418011080690163,100.77735627529017,adaptive_commutator,0,"(0, 1)",0.0,"((0, 1),)"
H6,6,2.0,frozen_K,4,1,4,4,4,2.545654107334202,2.545654107334202,generalized_same_spin_vector,+2.6179938779914941e-02 +5.2359877559829883e-02 +7.8539816339744828e-02 +1.0471975511965977e-01 +1.3089969389957470e-01 +1.5707963267948966e-01 +1.8325957145940461e-01 +2.0943951023931953e-01 +2.3561944901923448e-01 +2.6179938779914941e-01 +2.8797932657906433e-01 +3.1415926535897931e-01 +3.4033920413889429e-01 +3.6651914291880922e-01 +3.9269908169872414e-01 +4.1887902047863906e-01 +4.4505895925855399e-01 +4.7123889803846897e-01 +4.9741883681838389e-01 +5.2359877559829882e-01 +5.4977871437821380e-01 +5.7595865315812866e-01 +6.0213859193804375e-01 +6.2831853071795862e-01 +6.5449846949787360e-01 +6.8067840827778858e-01 +7.0685834705770345e-01 +7.3303828583761843e-01 +7.5921822461753330e-01 +7.8539816339744828e-01,-2.369606450465378,-2.8471921339556028,0.4775856834902248,0.00326818492043187,0.00326818492043187,3.5263141386015704,1078.9824396275565,adaptive_commutator,1,"(0, 2)",0.0,"((0, 1), (0, 2))"
H6,6,2.0,frozen_K,4,2,7,7,7,2.545654107334202,2.545654107334202,generalized_same_spin_vector,+2.6179938779914941e-02 +5.2359877559829883e-02 +7.8539816339744828e-02 +1.0471975511965977e-01 +1.3089969389957470e-01 +1.5707963267948966e-01 +1.8325957145940461e-01 +2.0943951023931953e-01 +2.3561944901923448e-01 +2.6179938779914941e-01 +2.8797932657906433e-01 +3.1415926535897931e-01 +3.4033920413889429e-01 +3.6651914291880922e-01 +3.9269908169872414e-01 +4.1887902047863906e-01 +4.4505895925855399e-01 +4.7123889803846897e-01 +4.9741883681838389e-01 +5.2359877559829882e-01 +5.4977871437821380e-01 +5.7595865315812866e-01 +6.0213859193804375e-01 +6.2831853071795862e-01 +6.5449846949787360e-01 +6.8067840827778858e-01 +7.0685834705770345e-01 +7.3303828583761843e-01 +7.5921822461753330e-01 +7.8539816339744828e-01,-2.4257567023474667,-2.8471921339556028,0.4214354316081361,0.0006600298661853978,0.0006600298661853978,5.624648469410946,8521.809023458676,adaptive_commutator,2,"(0, 3)",0.0,"((0, 2), (0, 3))"
H6,6,2.0,frozen_K,4,3,11,11,11,2.545654107334202,2.545654107334202,generalized_same_spin_vector,+2.6179938779914941e-02 +5.2359877559829883e-02 +7.8539816339744828e-02 +1.0471975511965977e-01 +1.3089969389957470e-01 +1.5707963267948966e-01 +1.8325957145940461e-01 +2.0943951023931953e-01 +2.3561944901923448e-01 +2.6179938779914941e-01 +2.8797932657906433e-01 +3.1415926535897931e-01 +3.4033920413889429e-01 +3.6651914291880922e-01 +3.9269908169872414e-01 +4.1887902047863906e-01 +4.4505895925855399e-01 +4.7123889803846897e-01 +4.9741883681838389e-01 +5.2359877559829882e-01 +5.4977871437821380e-01 +5.7595865315812866e-01 +6.0213859193804375e-01 +6.2831853071795862e-01 +6.5449846949787360e-01 +6.8067840827778858e-01 +7.0685834705770345e-01 +7.3303828583761843e-01 +7.5921822461753330e-01 +7.8539816339744828e-01,-2.437824440819536,-2.8471921339556028,0.4093676931360668,5.406227415830996e-05,5.406227415830996e-05,6.101366116024972,112858.11059591037,adaptive_commutator,3,"(0, 4)",0.0,"((0, 3), (0, 4))"
H6,6,2.0,frozen_K,4,4,16,16,16,2.545654107334202,2.545654107334202,generalized_same_spin_vector,+2.6179938779914941e-02 +5.2359877559829883e-02 +7.8539816339744828e-02 +1.0471975511965977e-01 +1.3089969389957470e-01 +1.5707963267948966e-01 +1.8325957145940461e-01 +2.0943951023931953e-01 +2.3561944901923448e-01 +2.6179938779914941e-01 +2.8797932657906433e-01 +3.1415926535897931e-01 +3.4033920413889429e-01 +3.6651914291880922e-01 +3.9269908169872414e-01 +4.1887902047863906e-01 +4.4505895925855399e-01 +4.7123889803846897e-01 +4.9741883681838389e-01 +5.2359877559829882e-01 +5.4977871437821380e-01 +5.7595865315812866e-01 +6.0213859193804375e-01 +6.2831853071795862e-01 +6.5449846949787360e-01 +6.8067840827778858e-01 +7.0685834705770345e-01 +7.3303828583761843e-01 +7.5921822461753330e-01 +7.8539816339744828e-01,-2.44838087545513,-2.8471921339556028,0.39881125850047283,4.291282243231508e-05,4.291282243231508e-05,6.255017396934477,145761.0346371484,adaptive_commutator,4,"(0, 5)",0.0,"((0, 4), (0, 5))"
H6,6,2.0,frozen_K,4,5,22,22,22,2.545654107334202,2.545654107334202,generalized_same_spin_vector,+2.6179938779914941e-02 +5.2359877559829883e-02 +7.8539816339744828e-02 +1.0471975511965977e-01 +1.3089969389957470e-01 +1.5707963267948966e-01 +1.8325957145940461e-01 +2.0943951023931953e-01 +2.3561944901923448e-01 +2.6179938779914941e-01 +2.8797932657906433e-01 +3.1415926535897931e-01 +3.4033920413889429e-01 +3.6651914291880922e-01 +3.9269908169872414e-01 +4.1887902047863906e-01 +4.4505895925855399e-01 +4.7123889803846897e-01 +4.9741883681838389e-01 +5.2359877559829882e-01 +5.4977871437821380e-01 +5.7595865315812866e-01 +6.0213859193804375e-01 +6.2831853071795862e-01 +6.5449846949787360e-01 +6.8067840827778858e-01 +7.0685834705770345e-01 +7.3303828583761843e-01 +7.5921822461753330e-01 +7.8539816339744828e-01,-2.46305067436933,-2.8471921339556028,0.38414145958627266,1.3637426822071663e-05,1.3637426822071663e-05,6.255072594926775,458669.5625602313,adaptive_commutator,5,"(0, 6)",0.0,"((0, 5), (0, 6))"
H6,6,2.0,frozen_K,4,6,29,29,29,2.545654107334202,2.545654107334202,generalized_same_spin_vector,+2.6179938779914941e-02 +5.2359877559829883e-02 +7.8539816339744828e-02 +1.0471975511965977e-01 +1.3089969389957470e-01 +1.5707963267948966e-01 +1.8325957145940461e-01 +2.0943951023931953e-01 +2.3561944901923448e-01 +2.6179938779914941e-01 +2.8797932657906433e-01 +3.1415926535897931e-01 +3.4033920413889429e-01 +3.6651914291880922e-01 +3.9269908169872414e-01 +4.1887902047863906e-01 +4.4505895925855399e-01 +4.7123889803846897e-01 +4.9741883681838389e-01 +5.2359877559829882e-01 +5.4977871437821380e-01 +5.7595865315812866e-01 +6.0213859193804375e-01 +6.2831853071795862e-01 +6.5449846949787360e-01 +6.8067840827778858e-01 +7.0685834705770345e-01 +7.3303828583761843e-01 +7.5921822461753330e-01 +7.8539816339744828e-01,-2.4706970381680238,-2.8471921339556028,0.376495095787579,8.550291785568178e-06,8.550291785568178e-06,6.255077013157474,731562.9887292573,adaptive_commutator,6,"(0, 7)",0.0,"((0, 6), (0, 7))"
H6,6,2.0,frozen_K,4,7,37,37,37,2.545654107334202,2.545654107334202,generalized_same_spin_vector,+2.6179938779914941e-02 +5.2359877559829883e-02 +7.8539816339744828e-02 +1.0471975511965977e-01 +1.3089969389957470e-01 +1.5707963267948966e-01 +1.8325957145940461e-01 +2.0943951023931953e-01 +2.3561944901923448e-01 +2.6179938779914941e-01 +2.8797932657906433e-01 +3.1415926535897931e-01 +3.4033920413889429e-01 +3.6651914291880922e-01 +3.9269908169872414e-01 +4.1887902047863906e-01 +4.4505895925855399e-01 +4.7123889803846897e-01 +4.9741883681838389e-01 +5.2359877559829882e-01 +5.4977871437821380e-01 +5.7595865315812866e-01 +6.0213859193804375e-01 +6.2831853071795862e-01 +6.5449846949787360e-01 +6.8067840827778858e-01 +7.0685834705770345e-01 +7.3303828583761843e-01 +7.5921822461753330e-01 +7.8539816339744828e-01,-2.5366859700916304,-2.8471921339556028,0.31050616386397234,1.3600382422390595e-08,1.3600382422390595e-08,6.276635436309131,461504334.3175243,adaptive_commutator,7,"(0, 8)",0.0,"((0, 7), (0, 8))"
H6,6,2.0,frozen_K,4,8,46,46,45,2.545654107334202,2.545654107334202,generalized_same_spin_vector,+2.6179938779914941e-02 +5.2359877559829883e-02 +7.8539816339744828e-02 +1.0471975511965977e-01 +1.3089969389957470e-01 +1.5707963267948966e-01 +1.8325957145940461e-01 +2.0943951023931953e-01 +2.3561944901923448e-01 +2.6179938779914941e-01 +2.8797932657906433e-01 +3.1415926535897931e-01 +3.4033920413889429e-01 +3.6651914291880922e-01 +3.9269908169872414e-01 +4.1887902047863906e-01 +4.4505895925855399e-01 +4.7123889803846897e-01 +4.9741883681838389e-01 +5.2359877559829882e-01 +5.4977871437821380e-01 +5.7595865315812866e-01 +6.0213859193804375e-01 +6.2831853071795862e-01 +6.5449846949787360e-01 +6.8067840827778858e-01 +7.0685834705770345e-01 +7.3303828583761843e-01 +7.5921822461753330e-01 +7.8539816339744828e-01,-2.537839554356099,-2.8471921339556028,0.3093525795995036,1.1965380608226982e-16,6.355513678387258e-08,6.302466109611843,99165329.95663576,adaptive_commutator,8,"(0, 9)",0.0,"((0, 8), (0, 9))"
H6,6,2.0,frozen_K,4,9,56,56,45,2.545654107334202,2.545654107334202,generalized_same_spin_vector,+2.6179938779914941e-02 +5.2359877559829883e-02 +7.8539816339744828e-02 +1.0471975511965977e-01 +1.3089969389957470e-01 +1.5707963267948966e-01 +1.8325957145940461e-01 +2.0943951023931953e-01 +2.3561944901923448e-01 +2.6179938779914941e-01 +2.8797932657906433e-01 +3.1415926535897931e-01 +3.4033920413889429e-01 +3.6651914291880922e-01 +3.9269908169872414e-01 +4.1887902047863906e-01 +4.4505895925855399e-01 +4.7123889803846897e-01 +4.9741883681838389e-01 +5.2359877559829882e-01 +5.4977871437821380e-01 +5.7595865315812866e-01 +6.0213859193804375e-01 +6.2831853071795862e-01 +6.5449846949787360e-01 +6.8067840827778858e-01 +7.0685834705770345e-01 +7.3303828583761843e-01 +7.5921822461753330e-01 +7.8539816339744828e-01,-2.5378395543560277,-2.8471921339556028,0.3093525795995751,0.0,9.637525021725852e-08,7.709296906871616,79992496.92729788,adaptive_commutator,9,"(0, 10)",0.0,"((0, 9), (0, 10))"
H6,6,2.0,frozen_K,4,10,67,67,45,2.545654107334202,2.545654107334202,generalized_same_spin_vector,+2.6179938779914941e-02 +5.2359877559829883e-02 +7.8539816339744828e-02 +1.0471975511965977e-01 +1.3089969389957470e-01 +1.5707963267948966e-01 +1.8325957145940461e-01 +2.0943951023931953e-01 +2.3561944901923448e-01 +2.6179938779914941e-01 +2.8797932657906433e-01 +3.1415926535897931e-01 +3.4033920413889429e-01 +3.6651914291880922e-01 +3.9269908169872414e-01 +4.1887902047863906e-01 +4.4505895925855399e-01 +4.7123889803846897e-01 +4.9741883681838389e-01 +5.2359877559829882e-01 +5.4977871437821380e-01 +5.7595865315812866e-01 +6.0213859193804375e-01 +6.2831853071795862e-01 +6.5449846949787360e-01 +6.8067840827778858e-01 +7.0685834705770345e-01 +7.3303828583761843e-01 +7.5921822461753330e-01 +7.8539816339744828e-01,-2.5378395543552883,-2.8471921339556028,0.3093525796003145,0.0,2.4374834179631803e-07,10.45155293957854,42878457.603260785,adaptive_commutator,10,"(0, 11)",0.0,"((0, 10), (0, 11))"
H6,6,2.0,frozen_K,4,11,79,79,53,2.545654107334202,2.545654107334202,generalized_same_spin_vector,+2.6179938779914941e-02 +5.2359877559829883e-02 +7.8539816339744828e-02 +1.0471975511965977e-01 +1.3089969389957470e-01 +1.5707963267948966e-01 +1.8325957145940461e-01 +2.0943951023931953e-01 +2.3561944901923448e-01 +2.6179938779914941e-01 +2.8797932657906433e-01 +3.1415926535897931e-01 +3.4033920413889429e-01 +3.6651914291880922e-01 +3.9269908169872414e-01 +4.1887902047863906e-01 +4.4505895925855399e-01 +4.7123889803846897e-01 +4.9741883681838389e-01 +5.2359877559829882e-01 +5.4977871437821380e-01 +5.7595865315812866e-01 +6.0213859193804375e-01 +6.2831853071795862e-01 +6.5449846949787360e-01 +6.8067840827778858e-01 +7.0685834705770345e-01 +7.3303828583761843e-01 +7.5921822461753330e-01 +7.8539816339744828e-01,-2.5417799525395366,-2.8471921339556028,0.3054121814160662,0.0,9.40713904607695e-09,14.331246869166254,1523443716.412675,adaptive_commutator,11,"(1, 2)",0.0,"((0, 11), (1, 2))"
H6,6,2.0,frozen_K,4,12,92,92,61,2.545654107334202,2.545654107334202,generalized_same_spin_vector,+2.6179938779914941e-02 +5.2359877559829883e-02 +7.8539816339744828e-02 +1.0471975511965977e-01 +1.3089969389957470e-01 +1.5707963267948966e-01 +1.8325957145940461e-01 +2.0943951023931953e-01 +2.3561944901923448e-01 +2.6179938779914941e-01 +2.8797932657906433e-01 +3.1415926535897931e-01 +3.4033920413889429e-01 +3.6651914291880922e-01 +3.9269908169872414e-01 +4.1887902047863906e-01 +4.4505895925855399e-01 +4.7123889803846897e-01 +4.9741883681838389e-01 +5.2359877559829882e-01 +5.4977871437821380e-01 +5.7595865315812866e-01 +6.0213859193804375e-01 +6.2831853071795862e-01 +6.5449846949787360e-01 +6.8067840827778858e-01 +7.0685834705770345e-01 +7.3303828583761843e-01 +7.5921822461753330e-01 +7.8539816339744828e-01,-2.5472759484372274,-2.8471921339556028,0.2999161855183754,0.0,4.248024439562717e-10,18.685913966191105,43987303350.1535,adaptive_commutator,12,"(1, 3)",0.0,"((1, 2), (1, 3))"
H6,6,2.0,frozen_K,4,13,106,106,69,2.545654107334202,2.545654107334202,generalized_same_spin_vector,+2.6179938779914941e-02 +5.2359877559829883e-02 +7.8539816339744828e-02 +1.0471975511965977e-01 +1.3089969389957470e-01 +1.5707963267948966e-01 +1.8325957145940461e-01 +2.0943951023931953e-01 +2.3561944901923448e-01 +2.6179938779914941e-01 +2.8797932657906433e-01 +3.1415926535897931e-01 +3.4033920413889429e-01 +3.6651914291880922e-01 +3.9269908169872414e-01 +4.1887902047863906e-01 +4.4505895925855399e-01 +4.7123889803846897e-01 +4.9741883681838389e-01 +5.2359877559829882e-01 +5.4977871437821380e-01 +5.7595865315812866e-01 +6.0213859193804375e-01 +6.2831853071795862e-01 +6.5449846949787360e-01 +6.8067840827778858e-01 +7.0685834705770345e-01 +7.3303828583761843e-01 +7.5921822461753330e-01 +7.8539816339744828e-01,-2.5569652601091,-2.8471921339556028,0.2902268738465028,0.0,4.338844654859267e-10,19.484198808162407,44906421773.68848,adaptive_commutator,13,"(1, 4)",0.0,"((1, 3), (1, 4))"
H6,6,2.0,frozen_K,4,14,121,121,77,2.545654107334202,2.545654107334202,generalized_same_spin_vector,+2.6179938779914941e-02 +5.2359877559829883e-02 +7.8539816339744828e-02 +1.0471975511965977e-01 +1.3089969389957470e-01 +1.5707963267948966e-01 +1.8325957145940461e-01 +2.0943951023931953e-01 +2.3561944901923448e-01 +2.6179938779914941e-01 +2.8797932657906433e-01 +3.1415926535897931e-01 +3.4033920413889429e-01 +3.6651914291880922e-01 +3.9269908169872414e-01 +4.1887902047863906e-01 +4.4505895925855399e-01 +4.7123889803846897e-01 +4.9741883681838389e-01 +5.2359877559829882e-01 +5.4977871437821380e-01 +5.7595865315812866e-01 +6.0213859193804375e-01 +6.2831853071795862e-01 +6.5449846949787360e-01 +6.8067840827778858e-01 +7.0685834705770345e-01 +7.3303828583761843e-01 +7.5921822461753330e-01 +7.8539816339744828e-01,-2.5872810291788544,-2.8471921339556028,0.2599111047767484,0.0,4.353033491314704e-10,19.68631525504569,45224359735.16948,adaptive_commutator,14,"(1, 5)",0.0,"((1, 4), (1, 5))"
H6,6,2.0,frozen_K,4,15,137,137,84,2.545654107334202,2.545654107334202,generalized_same_spin_vector,+2.6179938779914941e-02 +5.2359877559829883e-02 +7.8539816339744828e-02 +1.0471975511965977e-01 +1.3089969389957470e-01 +1.5707963267948966e-01 +1.8325957145940461e-01 +2.0943951023931953e-01 +2.3561944901923448e-01 +2.6179938779914941e-01 +2.8797932657906433e-01 +3.1415926535897931e-01 +3.4033920413889429e-01 +3.6651914291880922e-01 +3.9269908169872414e-01 +4.1887902047863906e-01 +4.4505895925855399e-01 +4.7123889803846897e-01 +4.9741883681838389e-01 +5.2359877559829882e-01 +5.4977871437821380e-01 +5.7595865315812866e-01 +6.0213859193804375e-01 +6.2831853071795862e-01 +6.5449846949787360e-01 +6.8067840827778858e-01 +7.0685834705770345e-01 +7.3303828583761843e-01 +7.5921822461753330e-01 +7.8539816339744828e-01,-2.597061416153408,-2.8471921339556028,0.250130717802195,0.0,6.994270445327089e-10,19.686393604324195,28146457530.07275,adaptive_commutator,15,"(1, 6)",0.0,"((1, 5), (1, 6))"
H6,6,2.0,frozen_K,4,16,154,154,91,2.545654107334202,2.545654107334202,generalized_same_spin_vector,+2.6179938779914941e-02 +5.2359877559829883e-02 +7.8539816339744828e-02 +1.0471975511965977e-01 +1.3089969389957470e-01 +1.5707963267948966e-01 +1.8325957145940461e-01 +2.0943951023931953e-01 +2.3561944901923448e-01 +2.6179938779914941e-01 +2.8797932657906433e-01 +3.1415926535897931e-01 +3.4033920413889429e-01 +3.6651914291880922e-01 +3.9269908169872414e-01 +4.1887902047863906e-01 +4.4505895925855399e-01 +4.7123889803846897e-01 +4.9741883681838389e-01 +5.2359877559829882e-01 +5.4977871437821380e-01 +5.7595865315812866e-01 +6.0213859193804375e-01 +6.2831853071795862e-01 +6.5449846949787360e-01 +6.8067840827778858e-01 +7.0685834705770345e-01 +7.3303828583761843e-01 +7.5921822461753330e-01 +7.8539816339744828e-01,-2.6004070531873853,-2.8471921339556028,0.24678508076821748,0.0,7.095148279598527e-10,19.68639921417126,27746283006.90736,adaptive_commutator,16,"(1, 7)",0.0,"((1, 6), (1, 7))"
H6,6,2.0,frozen_K,4,17,172,172,99,2.545654107334202,2.545654107334202,generalized_same_spin_vector,+2.6179938779914941e-02 +5.2359877559829883e-02 +7.8539816339744828e-02 +1.0471975511965977e-01 +1.3089969389957470e-01 +1.5707963267948966e-01 +1.8325957145940461e-01 +2.0943951023931953e-01 +2.3561944901923448e-01 +2.6179938779914941e-01 +2.8797932657906433e-01 +3.1415926535897931e-01 +3.4033920413889429e-01 +3.6651914291880922e-01 +3.9269908169872414e-01 +4.1887902047863906e-01 +4.4505895925855399e-01 +4.7123889803846897e-01 +4.9741883681838389e-01 +5.2359877559829882e-01 +5.4977871437821380e-01 +5.7595865315812866e-01 +6.0213859193804375e-01 +6.2831853071795862e-01 +6.5449846949787360e-01 +6.8067840827778858e-01 +7.0685834705770345e-01 +7.3303828583761843e-01 +7.5921822461753330e-01 +7.8539816339744828e-01,-2.6178774804752125,-2.8471921339556028,0.22931465348039026,0.0,7.162470798767666e-10,19.718112519296483,27529763224.56919,adaptive_commutator,17,"(1, 8)",0.0,"((1, 7), (1, 8))"
H6,6,2.0,frozen_K,4,18,191,191,106,2.545654107334202,2.545654107334202,generalized_same_spin_vector,+2.6179938779914941e-02 +5.2359877559829883e-02 +7.8539816339744828e-02 +1.0471975511965977e-01 +1.3089969389957470e-01 +1.5707963267948966e-01 +1.8325957145940461e-01 +2.0943951023931953e-01 +2.3561944901923448e-01 +2.6179938779914941e-01 +2.8797932657906433e-01 +3.1415926535897931e-01 +3.4033920413889429e-01 +3.6651914291880922e-01 +3.9269908169872414e-01 +4.1887902047863906e-01 +4.4505895925855399e-01 +4.7123889803846897e-01 +4.9741883681838389e-01 +5.2359877559829882e-01 +5.4977871437821380e-01 +5.7595865315812866e-01 +6.0213859193804375e-01 +6.2831853071795862e-01 +6.5449846949787360e-01 +6.8067840827778858e-01 +7.0685834705770345e-01 +7.3303828583761843e-01 +7.5921822461753330e-01 +7.8539816339744828e-01,-2.6299374732973924,-2.8471921339556028,0.21725466065821042,0.0,7.292881336455465e-10,19.74852006236199,27079173719.231663,adaptive_commutator,18,"(1, 9)",0.0,"((1, 8), (1, 9))"
H6,6,2.0,frozen_K,4,19,211,211,106,2.545654107334202,2.545654107334202,generalized_same_spin_vector,+2.6179938779914941e-02 +5.2359877559829883e-02 +7.8539816339744828e-02 +1.0471975511965977e-01 +1.3089969389957470e-01 +1.5707963267948966e-01 +1.8325957145940461e-01 +2.0943951023931953e-01 +2.3561944901923448e-01 +2.6179938779914941e-01 +2.8797932657906433e-01 +3.1415926535897931e-01 +3.4033920413889429e-01 +3.6651914291880922e-01 +3.9269908169872414e-01 +4.1887902047863906e-01 +4.4505895925855399e-01 +4.7123889803846897e-01 +4.9741883681838389e-01 +5.2359877559829882e-01 +5.4977871437821380e-01 +5.7595865315812866e-01 +6.0213859193804375e-01 +6.2831853071795862e-01 +6.5449846949787360e-01 +6.8067840827778858e-01 +7.0685834705770345e-01 +7.3303828583761843e-01 +7.5921822461753330e-01 +7.8539816339744828e-01,-2.6299374733943695,-2.8471921339556028,0.21725466056123333,0.0,7.382325930903629e-10,22.571997370737392,30575725837.63513,adaptive_commutator,19,"(1, 10)",0.0,"((1, 9), (1, 10))"
H6,6,2.0,frozen_K,4,20,232,232,106,2.545654107334202,2.545654107334202,generalized_same_spin_vector,+2.6179938779914941e-02 +5.2359877559829883e-02 +7.8539816339744828e-02 +1.0471975511965977e-01 +1.3089969389957470e-01 +1.5707963267948966e-01 +1.8325957145940461e-01 +2.0943951023931953e-01 +2.3561944901923448e-01 +2.6179938779914941e-01 +2.8797932657906433e-01 +3.1415926535897931e-01 +3.4033920413889429e-01 +3.6651914291880922e-01 +3.9269908169872414e-01 +4.1887902047863906e-01 +4.4505895925855399e-01 +4.7123889803846897e-01 +4.9741883681838389e-01 +5.2359877559829882e-01 +5.4977871437821380e-01 +5.7595865315812866e-01 +6.0213859193804375e-01 +6.2831853071795862e-01 +6.5449846949787360e-01 +6.8067840827778858e-01 +7.0685834705770345e-01 +7.3303828583761843e-01 +7.5921822461753330e-01 +7.8539816339744828e-01,-2.6299374732827054,-2.8471921339556028,0.21725466067289734,0.0,7.546351392351387e-10,27.495249538827167,36435156686.04434,adaptive_commutator,20,"(1, 11)",0.0,"((1, 10), (1, 11))"
H6,6,2.0,frozen_K,4,21,254,254,119,2.545654107334202,2.545654107334202,generalized_same_spin_vector,+2.6179938779914941e-02 +5.2359877559829883e-02 +7.8539816339744828e-02 +1.0471975511965977e-01 +1.3089969389957470e-01 +1.5707963267948966e-01 +1.8325957145940461e-01 +2.0943951023931953e-01 +2.3561944901923448e-01 +2.6179938779914941e-01 +2.8797932657906433e-01 +3.1415926535897931e-01 +3.4033920413889429e-01 +3.6651914291880922e-01 +3.9269908169872414e-01 +4.1887902047863906e-01 +4.4505895925855399e-01 +4.7123889803846897e-01 +4.9741883681838389e-01 +5.2359877559829882e-01 +5.4977871437821380e-01 +5.7595865315812866e-01 +6.0213859193804375e-01 +6.2831853071795862e-01 +6.5449846949787360e-01 +6.8067840827778858e-01 +7.0685834705770345e-01 +7.3303828583761843e-01 +7.5921822461753330e-01 +7.8539816339744828e-01,-2.640297781452666,-2.8471921339556028,0.20689435250293675,0.0,1.2816835929544247e-10,32.76248338651932,255620681786.19745,adaptive_commutator,21,"(2, 3)",0.0,"((1, 11), (2, 3))"
H6,6,2.0,frozen_K,4,22,277,274,127,2.545654107334202,2.545654107334202,generalized_same_spin_vector,+2.6179938779914941e-02 +5.2359877559829883e-02 +7.8539816339744828e-02 +1.0471975511965977e-01 +1.3089969389957470e-01 +1.5707963267948966e-01 +1.8325957145940461e-01 +2.0943951023931953e-01 +2.3561944901923448e-01 +2.6179938779914941e-01 +2.8797932657906433e-01 +3.1415926535897931e-01 +3.4033920413889429e-01 +3.6651914291880922e-01 +3.9269908169872414e-01 +4.1887902047863906e-01 +4.4505895925855399e-01 +4.7123889803846897e-01 +4.9741883681838389e-01 +5.2359877559829882e-01 +5.4977871437821380e-01 +5.7595865315812866e-01 +6.0213859193804375e-01 +6.2831853071795862e-01 +6.5449846949787360e-01 +6.8067840827778858e-01 +7.0685834705770345e-01 +7.3303828583761843e-01 +7.5921822461753330e-01 +7.8539816339744828e-01,-2.6435898203920076,-2.8471921339556028,0.20360231356359515,0.0,1.851220763363622e-10,33.42181240598929,180539312584.53848,adaptive_commutator,22,"(2, 4)",0.0,"((2, 3), (2, 4))"
H6,6,2.0,frozen_K,4,23,301,298,137,2.545654107334202,2.545654107334202,generalized_same_spin_vector,+2.6179938779914941e-02 +5.2359877559829883e-02 +7.8539816339744828e-02 +1.0471975511965977e-01 +1.3089969389957470e-01 +1.5707963267948966e-01 +1.8325957145940461e-01 +2.0943951023931953e-01 +2.3561944901923448e-01 +2.6179938779914941e-01 +2.8797932657906433e-01 +3.1415926535897931e-01 +3.4033920413889429e-01 +3.6651914291880922e-01 +3.9269908169872414e-01 +4.1887902047863906e-01 +4.4505895925855399e-01 +4.7123889803846897e-01 +4.9741883681838389e-01 +5.2359877559829882e-01 +5.4977871437821380e-01 +5.7595865315812866e-01 +6.0213859193804375e-01 +6.2831853071795862e-01 +6.5449846949787360e-01 +6.8067840827778858e-01 +7.0685834705770345e-01 +7.3303828583761843e-01 +7.5921822461753330e-01 +7.8539816339744828e-01,-2.6504447770532487,-2.8471921339556028,0.19674735690235412,0.0,2.0418044222414394e-10,33.63323250187076,164723085793.63873,adaptive_commutator,23,"(2, 5)",0.0,"((2, 4), (2, 5))"
H6,6,2.0,frozen_K,4,24,326,320,144,2.545654107334202,2.545654107334202,generalized_same_spin_vector,+2.6179938779914941e-02 +5.2359877559829883e-02 +7.8539816339744828e-02 +1.0471975511965977e-01 +1.3089969389957470e-01 +1.5707963267948966e-01 +1.8325957145940461e-01 +2.0943951023931953e-01 +2.3561944901923448e-01 +2.6179938779914941e-01 +2.8797932657906433e-01 +3.1415926535897931e-01 +3.4033920413889429e-01 +3.6651914291880922e-01 +3.9269908169872414e-01 +4.1887902047863906e-01 +4.4505895925855399e-01 +4.7123889803846897e-01 +4.9741883681838389e-01 +5.2359877559829882e-01 +5.4977871437821380e-01 +5.7595865315812866e-01 +6.0213859193804375e-01 +6.2831853071795862e-01 +6.5449846949787360e-01 +6.8067840827778858e-01 +7.0685834705770345e-01 +7.3303828583761843e-01 +7.5921822461753330e-01 +7.8539816339744828e-01,-2.654909336699743,-2.8471921339556028,0.19228279725585962,0.0,2.1067631714523214e-10,33.63329288591784,159644393549.61926,adaptive_commutator,24,"(2, 6)",0.0,"((2, 5), (2, 6))"
H6,6,2.0,frozen_K,4,25,352,346,151,2.545654107334202,2.545654107334202,generalized_same_spin_vector,+2.6179938779914941e-02 +5.2359877559829883e-02 +7.8539816339744828e-02 +1.0471975511965977e-01 +1.3089969389957470e-01 +1.5707963267948966e-01 +1.8325957145940461e-01 +2.0943951023931953e-01 +2.3561944901923448e-01 +2.6179938779914941e-01 +2.8797932657906433e-01 +3.1415926535897931e-01 +3.4033920413889429e-01 +3.6651914291880922e-01 +3.9269908169872414e-01 +4.1887902047863906e-01 +4.4505895925855399e-01 +4.7123889803846897e-01 +4.9741883681838389e-01 +5.2359877559829882e-01 +5.4977871437821380e-01 +5.7595865315812866e-01 +6.0213859193804375e-01 +6.2831853071795862e-01 +6.5449846949787360e-01 +6.8067840827778858e-01 +7.0685834705770345e-01 +7.3303828583761843e-01 +7.5921822461753330e-01 +7.8539816339744828e-01,-2.656922138505591,-2.8471921339556028,0.190269995450012,0.0,2.1464781642429698e-10,33.63329897671194,156690617854.82404,adaptive_commutator,25,"(2, 7)",0.0,"((2, 6), (2, 7))"
H6,6,2.0,frozen_K,4,26,379,370,158,2.545654107334202,2.545654107334202,generalized_same_spin_vector,+2.6179938779914941e-02 +5.2359877559829883e-02 +7.8539816339744828e-02 +1.0471975511965977e-01 +1.3089969389957470e-01 +1.5707963267948966e-01 +1.8325957145940461e-01 +2.0943951023931953e-01 +2.3561944901923448e-01 +2.6179938779914941e-01 +2.8797932657906433e-01 +3.1415926535897931e-01 +3.4033920413889429e-01 +3.6651914291880922e-01 +3.9269908169872414e-01 +4.1887902047863906e-01 +4.4505895925855399e-01 +4.7123889803846897e-01 +4.9741883681838389e-01 +5.2359877559829882e-01 +5.4977871437821380e-01 +5.7595865315812866e-01 +6.0213859193804375e-01 +6.2831853071795862e-01 +6.5449846949787360e-01 +6.8067840827778858e-01 +7.0685834705770345e-01 +7.3303828583761843e-01 +7.5921822461753330e-01 +7.8539816339744828e-01,-2.6589588132766386,-2.8471921339556028,0.18823332067896414,0.0,2.2637130112430114e-10,33.66323492042007,148708050681.45758,adaptive_commutator,26,"(2, 8)",0.0,"((2, 7), (2, 8))"
H6,6,2.0,frozen_K,4,27,407,398,164,2.545654107334202,2.545654107334202,generalized_same_spin_vector,+2.6179938779914941e-02 +5.2359877559829883e-02 +7.8539816339744828e-02 +1.0471975511965977e-01 +1.3089969389957470e-01 +1.5707963267948966e-01 +1.8325957145940461e-01 +2.0943951023931953e-01 +2.3561944901923448e-01 +2.6179938779914941e-01 +2.8797932657906433e-01 +3.1415926535897931e-01 +3.4033920413889429e-01 +3.6651914291880922e-01 +3.9269908169872414e-01 +4.1887902047863906e-01 +4.4505895925855399e-01 +4.7123889803846897e-01 +4.9741883681838389e-01 +5.2359877559829882e-01 +5.4977871437821380e-01 +5.7595865315812866e-01 +6.0213859193804375e-01 +6.2831853071795862e-01 +6.5449846949787360e-01 +6.8067840827778858e-01 +7.0685834705770345e-01 +7.3303828583761843e-01 +7.5921822461753330e-01 +7.8539816339744828e-01,-2.6610109088297955,-2.8471921339556028,0.18618122512580726,0.0,2.379184138629243e-10,33.69066370891196,141605952905.86755,adaptive_commutator,27,"(2, 9)",0.0,"((2, 8), (2, 9))"
H6,6,2.0,frozen_K,4,28,436,424,165,2.545654107334202,2.545654107334202,generalized_same_spin_vector,+2.6179938779914941e-02 +5.2359877559829883e-02 +7.8539816339744828e-02 +1.0471975511965977e-01 +1.3089969389957470e-01 +1.5707963267948966e-01 +1.8325957145940461e-01 +2.0943951023931953e-01 +2.3561944901923448e-01 +2.6179938779914941e-01 +2.8797932657906433e-01 +3.1415926535897931e-01 +3.4033920413889429e-01 +3.6651914291880922e-01 +3.9269908169872414e-01 +4.1887902047863906e-01 +4.4505895925855399e-01 +4.7123889803846897e-01 +4.9741883681838389e-01 +5.2359877559829882e-01 +5.4977871437821380e-01 +5.7595865315812866e-01 +6.0213859193804375e-01 +6.2831853071795862e-01 +6.5449846949787360e-01 +6.8067840827778858e-01 +7.0685834705770345e-01 +7.3303828583761843e-01 +7.5921822461753330e-01 +7.8539816339744828e-01,-2.661884427442667,-2.8471921339556028,0.1853077065129356,0.0,1.1534684147141954e-10,37.08066253911955,321470983219.8339,adaptive_commutator,28,"(2, 10)",0.0,"((2, 9), (2, 10))"
H6,6,2.0,frozen_K,4,29,466,454,166,2.545654107334202,2.545654107334202,generalized_same_spin_vector,+2.6179938779914941e-02 +5.2359877559829883e-02 +7.8539816339744828e-02 +1.0471975511965977e-01 +1.3089969389957470e-01 +1.5707963267948966e-01 +1.8325957145940461e-01 +2.0943951023931953e-01 +2.3561944901923448e-01 +2.6179938779914941e-01 +2.8797932657906433e-01 +3.1415926535897931e-01 +3.4033920413889429e-01 +3.6651914291880922e-01 +3.9269908169872414e-01 +4.1887902047863906e-01 +4.4505895925855399e-01 +4.7123889803846897e-01 +4.9741883681838389e-01 +5.2359877559829882e-01 +5.4977871437821380e-01 +5.7595865315812866e-01 +6.0213859193804375e-01 +6.2831853071795862e-01 +6.5449846949787360e-01 +6.8067840827778858e-01 +7.0685834705770345e-01 +7.3303828583761843e-01 +7.5921822461753330e-01 +7.8539816339744828e-01,-2.6622008070974887,-2.8471921339556028,0.18499132685811404,0.0,1.2455593506664475e-10,42.91721666144425,344561795778.58746,adaptive_commutator,29,"(2, 11)",0.0,"((2, 10), (2, 11))"
H6,6,2.0,frozen_K,4,30,497,485,179,2.545654107334202,2.545654107334202,generalized_same_spin_vector,+2.6179938779914941e-02 +5.2359877559829883e-02 +7.8539816339744828e-02 +1.0471975511965977e-01 +1.3089969389957470e-01 +1.5707963267948966e-01 +1.8325957145940461e-01 +2.0943951023931953e-01 +2.3561944901923448e-01 +2.6179938779914941e-01 +2.8797932657906433e-01 +3.1415926535897931e-01 +3.4033920413889429e-01 +3.6651914291880922e-01 +3.9269908169872414e-01 +4.1887902047863906e-01 +4.4505895925855399e-01 +4.7123889803846897e-01 +4.9741883681838389e-01 +5.2359877559829882e-01 +5.4977871437821380e-01 +5.7595865315812866e-01 +6.0213859193804375e-01 +6.2831853071795862e-01 +6.5449846949787360e-01 +6.8067840827778858e-01 +7.0685834705770345e-01 +7.3303828583761843e-01 +7.5921822461753330e-01 +7.8539816339744828e-01,-2.6681849629899634,-2.8471921339556028,0.17900717096563934,0.0,1.3375369166713054e-10,43.73214878147583,326960312170.75433,adaptive_commutator,30,"(3, 4)",0.0,"((2, 11), (3, 4))"
H6,6,2.0,frozen_K,4,31,529,514,187,2.545654107334202,2.545654107334202,generalized_same_spin_vector,+2.6179938779914941e-02 +5.2359877559829883e-02 +7.8539816339744828e-02 +1.0471975511965977e-01 +1.3089969389957470e-01 +1.5707963267948966e-01 +1.8325957145940461e-01 +2.0943951023931953e-01 +2.3561944901923448e-01 +2.6179938779914941e-01 +2.8797932657906433e-01 +3.1415926535897931e-01 +3.4033920413889429e-01 +3.6651914291880922e-01 +3.9269908169872414e-01 +4.1887902047863906e-01 +4.4505895925855399e-01 +4.7123889803846897e-01 +4.9741883681838389e-01 +5.2359877559829882e-01 +5.4977871437821380e-01 +5.7595865315812866e-01 +6.0213859193804375e-01 +6.2831853071795862e-01 +6.5449846949787360e-01 +6.8067840827778858e-01 +7.0685834705770345e-01 +7.3303828583761843e-01 +7.5921822461753330e-01 +7.8539816339744828e-01,-2.681852726237812,-2.8471921339556028,0.165339407717791,0.0,1.3365718296836527e-10,43.80046724469827,327707544569.9406,adaptive_commutator,31,"(3, 5)",0.0,"((3, 4), (3, 5))"
H6,6,2.0,frozen_K,4,32,562,547,196,2.545654107334202,2.545654107334202,generalized_same_spin_vector,+2.6179938779914941e-02 +5.2359877559829883e-02 +7.8539816339744828e-02 +1.0471975511965977e-01 +1.3089969389957470e-01 +1.5707963267948966e-01 +1.8325957145940461e-01 +2.0943951023931953e-01 +2.3561944901923448e-01 +2.6179938779914941e-01 +2.8797932657906433e-01 +3.1415926535897931e-01 +3.4033920413889429e-01 +3.6651914291880922e-01 +3.9269908169872414e-01 +4.1887902047863906e-01 +4.4505895925855399e-01 +4.7123889803846897e-01 +4.9741883681838389e-01 +5.2359877559829882e-01 +5.4977871437821380e-01 +5.7595865315812866e-01 +6.0213859193804375e-01 +6.2831853071795862e-01 +6.5449846949787360e-01 +6.8067840827778858e-01 +7.0685834705770345e-01 +7.3303828583761843e-01 +7.5921822461753330e-01 +7.8539816339744828e-01,-2.7019446577166506,-2.8471921339556028,0.14524747623895218,0.0,1.1231258361994346e-10,43.80053635689325,389987790727.97986,adaptive_commutator,32,"(3, 6)",0.0,"((3, 5), (3, 6))"
H6,6,2.0,frozen_K,4,33,596,578,203,2.545654107334202,2.545654107334202,generalized_same_spin_vector,+2.6179938779914941e-02 +5.2359877559829883e-02 +7.8539816339744828e-02 +1.0471975511965977e-01 +1.3089969389957470e-01 +1.5707963267948966e-01 +1.8325957145940461e-01 +2.0943951023931953e-01 +2.3561944901923448e-01 +2.6179938779914941e-01 +2.8797932657906433e-01 +3.1415926535897931e-01 +3.4033920413889429e-01 +3.6651914291880922e-01 +3.9269908169872414e-01 +4.1887902047863906e-01 +4.4505895925855399e-01 +4.7123889803846897e-01 +4.9741883681838389e-01 +5.2359877559829882e-01 +5.4977871437821380e-01 +5.7595865315812866e-01 +6.0213859193804375e-01 +6.2831853071795862e-01 +6.5449846949787360e-01 +6.8067840827778858e-01 +7.0685834705770345e-01 +7.3303828583761843e-01 +7.5921822461753330e-01 +7.8539816339744828e-01,-2.706784289529947,-2.8471921339556028,0.1404078444256558,0.0,1.1240754889883534e-10,43.80053648686785,389658318466.5605,adaptive_commutator,33,"(3, 7)",0.0,"((3, 6), (3, 7))"
H6,6,2.0,frozen_K,4,34,631,613,209,2.545654107334202,2.545654107334202,generalized_same_spin_vector,+2.6179938779914941e-02 +5.2359877559829883e-02 +7.8539816339744828e-02 +1.0471975511965977e-01 +1.3089969389957470e-01 +1.5707963267948966e-01 +1.8325957145940461e-01 +2.0943951023931953e-01 +2.3561944901923448e-01 +2.6179938779914941e-01 +2.8797932657906433e-01 +3.1415926535897931e-01 +3.4033920413889429e-01 +3.6651914291880922e-01 +3.9269908169872414e-01 +4.1887902047863906e-01 +4.4505895925855399e-01 +4.7123889803846897e-01 +4.9741883681838389e-01 +5.2359877559829882e-01 +5.4977871437821380e-01 +5.7595865315812866e-01 +6.0213859193804375e-01 +6.2831853071795862e-01 +6.5449846949787360e-01 +6.8067840827778858e-01 +7.0685834705770345e-01 +7.3303828583761843e-01 +7.5921822461753330e-01 +7.8539816339744828e-01,-2.717933190070365,-2.8471921339556028,0.12925894388523762,0.0,1.463322658793554e-10,43.83075464011229,299528982051.36005,adaptive_commutator,34,"(3, 8)",0.0,"((3, 7), (3, 8))"
H6,6,2.0,frozen_K,4,35,667,646,214,2.545654107334202,2.545654107334202,generalized_same_spin_vector,+2.6179938779914941e-02 +5.2359877559829883e-02 +7.8539816339744828e-02 +1.0471975511965977e-01 +1.3089969389957470e-01 +1.5707963267948966e-01 +1.8325957145940461e-01 +2.0943951023931953e-01 +2.3561944901923448e-01 +2.6179938779914941e-01 +2.8797932657906433e-01 +3.1415926535897931e-01 +3.4033920413889429e-01 +3.6651914291880922e-01 +3.9269908169872414e-01 +4.1887902047863906e-01 +4.4505895925855399e-01 +4.7123889803846897e-01 +4.9741883681838389e-01 +5.2359877559829882e-01 +5.4977871437821380e-01 +5.7595865315812866e-01 +6.0213859193804375e-01 +6.2831853071795862e-01 +6.5449846949787360e-01 +6.8067840827778858e-01 +7.0685834705770345e-01 +7.3303828583761843e-01 +7.5921822461753330e-01 +7.8539816339744828e-01,-2.7189597345897805,-2.8471921339556028,0.1282323993658223,0.0,1.4719341980548028e-10,43.85358519627733,297931695956.45593,adaptive_commutator,35,"(3, 9)",0.0,"((3, 8), (3, 9))"
H6,6,2.0,frozen_K,4,36,704,683,215,2.545654107334202,2.545654107334202,generalized_same_spin_vector,+2.6179938779914941e-02 +5.2359877559829883e-02 +7.8539816339744828e-02 +1.0471975511965977e-01 +1.3089969389957470e-01 +1.5707963267948966e-01 +1.8325957145940461e-01 +2.0943951023931953e-01 +2.3561944901923448e-01 +2.6179938779914941e-01 +2.8797932657906433e-01 +3.1415926535897931e-01 +3.4033920413889429e-01 +3.6651914291880922e-01 +3.9269908169872414e-01 +4.1887902047863906e-01 +4.4505895925855399e-01 +4.7123889803846897e-01 +4.9741883681838389e-01 +5.2359877559829882e-01 +5.4977871437821380e-01 +5.7595865315812866e-01 +6.0213859193804375e-01 +6.2831853071795862e-01 +6.5449846949787360e-01 +6.8067840827778858e-01 +7.0685834705770345e-01 +7.3303828583761843e-01 +7.5921822461753330e-01 +7.8539816339744828e-01,-2.719043672227511,-2.8471921339556028,0.1281484617280917,0.0,1.284642577104692e-10,47.815512274575994,372208683775.23236,adaptive_commutator,36,"(3, 10)",0.0,"((3, 9), (3, 10))"
H6,6,2.0,frozen_K,4,37,742,718,215,2.545654107334202,2.545654107334202,generalized_same_spin_vector,+2.6179938779914941e-02 +5.2359877559829883e-02 +7.8539816339744828e-02 +1.0471975511965977e-01 +1.3089969389957470e-01 +1.5707963267948966e-01 +1.8325957145940461e-01 +2.0943951023931953e-01 +2.3561944901923448e-01 +2.6179938779914941e-01 +2.8797932657906433e-01 +3.1415926535897931e-01 +3.4033920413889429e-01 +3.6651914291880922e-01 +3.9269908169872414e-01 +4.1887902047863906e-01 +4.4505895925855399e-01 +4.7123889803846897e-01 +4.9741883681838389e-01 +5.2359877559829882e-01 +5.4977871437821380e-01 +5.7595865315812866e-01 +6.0213859193804375e-01 +6.2831853071795862e-01 +6.5449846949787360e-01 +6.8067840827778858e-01 +7.0685834705770345e-01 +7.3303828583761843e-01 +7.5921822461753330e-01 +7.8539816339744828e-01,-2.71901051279194,-2.8471921339556028,0.12818162116366283,0.0,1.4728368295312804e-10,54.29642809488774,368652025847.0667,adaptive_commutator,37,"(3, 11)",0.0,"((3, 10), (3, 11))"
H6,6,2.0,frozen_K,4,38,781,757,232,2.545654107334202,2.545654107334202,generalized_same_spin_vector,+2.6179938779914941e-02 +5.2359877559829883e-02 +7.8539816339744828e-02 +1.0471975511965977e-01 +1.3089969389957470e-01 +1.5707963267948966e-01 +1.8325957145940461e-01 +2.0943951023931953e-01 +2.3561944901923448e-01 +2.6179938779914941e-01 +2.8797932657906433e-01 +3.1415926535897931e-01 +3.4033920413889429e-01 +3.6651914291880922e-01 +3.9269908169872414e-01 +4.1887902047863906e-01 +4.4505895925855399e-01 +4.7123889803846897e-01 +4.9741883681838389e-01 +5.2359877559829882e-01 +5.4977871437821380e-01 +5.7595865315812866e-01 +6.0213859193804375e-01 +6.2831853071795862e-01 +6.5449846949787360e-01 +6.8067840827778858e-01 +7.0685834705770345e-01 +7.3303828583761843e-01 +7.5921822461753330e-01 +7.8539816339744828e-01,-2.738045155602499,-2.8471921339556028,0.10914697835310383,0.0,1.1195551908633725e-10,54.31714247470127,485167171015.60016,adaptive_commutator,38,"(4, 5)",0.0,"((3, 11), (4, 5))"
H6,6,2.0,frozen_K,4,39,821,792,240,2.545654107334202,2.545654107334202,generalized_same_spin_vector,+2.6179938779914941e-02 +5.2359877559829883e-02 +7.8539816339744828e-02 +1.0471975511965977e-01 +1.3089969389957470e-01 +1.5707963267948966e-01 +1.8325957145940461e-01 +2.0943951023931953e-01 +2.3561944901923448e-01 +2.6179938779914941e-01 +2.8797932657906433e-01 +3.1415926535897931e-01 +3.4033920413889429e-01 +3.6651914291880922e-01 +3.9269908169872414e-01 +4.1887902047863906e-01 +4.4505895925855399e-01 +4.7123889803846897e-01 +4.9741883681838389e-01 +5.2359877559829882e-01 +5.4977871437821380e-01 +5.7595865315812866e-01 +6.0213859193804375e-01 +6.2831853071795862e-01 +6.5449846949787360e-01 +6.8067840827778858e-01 +7.0685834705770345e-01 +7.3303828583761843e-01 +7.5921822461753330e-01 +7.8539816339744828e-01,-2.7403761460798193,-2.8471921339556028,0.1068159878757835,0.0,1.2064937508625806e-10,54.31714465367613,450206597546.33777,adaptive_commutator,39,"(4, 6)",0.0,"((4, 5), (4, 6))"
H6,6,2.0,frozen_K,4,40,862,833,245,2.545654107334202,2.545654107334202,generalized_same_spin_vector,+2.6179938779914941e-02 +5.2359877559829883e-02 +7.8539816339744828e-02 +1.0471975511965977e-01 +1.3089969389957470e-01 +1.5707963267948966e-01 +1.8325957145940461e-01 +2.0943951023931953e-01 +2.3561944901923448e-01 +2.6179938779914941e-01 +2.8797932657906433e-01 +3.1415926535897931e-01 +3.4033920413889429e-01 +3.6651914291880922e-01 +3.9269908169872414e-01 +4.1887902047863906e-01 +4.4505895925855399e-01 +4.7123889803846897e-01 +4.9741883681838389e-01 +5.2359877559829882e-01 +5.4977871437821380e-01 +5.7595865315812866e-01 +6.0213859193804375e-01 +6.2831853071795862e-01 +6.5449846949787360e-01 +6.8067840827778858e-01 +7.0685834705770345e-01 +7.3303828583761843e-01 +7.5921822461753330e-01 +7.8539816339744828e-01,-2.7417506615232528,-2.8471921339556028,0.10544147243235003,0.0,1.2215704921613662e-10,54.31714527072127,444650109177.21246,adaptive_commutator,40,"(4, 7)",0.0,"((4, 6), (4, 7))"
H6,6,2.0,frozen_K,4,41,904,870,250,2.545654107334202,2.545654107334202,generalized_same_spin_vector,+2.6179938779914941e-02 +5.2359877559829883e-02 +7.8539816339744828e-02 +1.0471975511965977e-01 +1.3089969389957470e-01 +1.5707963267948966e-01 +1.8325957145940461e-01 +2.0943951023931953e-01 +2.3561944901923448e-01 +2.6179938779914941e-01 +2.8797932657906433e-01 +3.1415926535897931e-01 +3.4033920413889429e-01 +3.6651914291880922e-01 +3.9269908169872414e-01 +4.1887902047863906e-01 +4.4505895925855399e-01 +4.7123889803846897e-01 +4.9741883681838389e-01 +5.2359877559829882e-01 +5.4977871437821380e-01 +5.7595865315812866e-01 +6.0213859193804375e-01 +6.2831853071795862e-01 +6.5449846949787360e-01 +6.8067840827778858e-01 +7.0685834705770345e-01 +7.3303828583761843e-01 +7.5921822461753330e-01 +7.8539816339744828e-01,-2.742986268372805,-2.8471921339556028,0.10420586558279776,0.0,1.0272728033532901e-10,54.31756761753459,528755043842.56726,adaptive_commutator,41,"(4, 8)",0.0,"((4, 7), (4, 8))"
H6,6,2.0,frozen_K,4,42,947,913,252,2.545654107334202,2.545654107334202,generalized_same_spin_vector,+2.6179938779914941e-02 +5.2359877559829883e-02 +7.8539816339744828e-02 +1.0471975511965977e-01 +1.3089969389957470e-01 +1.5707963267948966e-01 +1.8325957145940461e-01 +2.0943951023931953e-01 +2.3561944901923448e-01 +2.6179938779914941e-01 +2.8797932657906433e-01 +3.1415926535897931e-01 +3.4033920413889429e-01 +3.6651914291880922e-01 +3.9269908169872414e-01 +4.1887902047863906e-01 +4.4505895925855399e-01 +4.7123889803846897e-01 +4.9741883681838389e-01 +5.2359877559829882e-01 +5.4977871437821380e-01 +5.7595865315812866e-01 +6.0213859193804375e-01 +6.2831853071795862e-01 +6.5449846949787360e-01 +6.8067840827778858e-01 +7.0685834705770345e-01 +7.3303828583761843e-01 +7.5921822461753330e-01 +7.8539816339744828e-01,-2.743464955792373,-2.8471921339556028,0.10372717816322963,0.0,1.0651257924196012e-10,54.31995048394163,509986246418.3249,adaptive_commutator,42,"(4, 9)",0.0,"((4, 8), (4, 9))"
H6,6,2.0,frozen_K,4,43,991,952,253,2.545654107334202,2.545654107334202,generalized_same_spin_vector,+2.6179938779914941e-02 +5.2359877559829883e-02 +7.8539816339744828e-02 +1.0471975511965977e-01 +1.3089969389957470e-01 +1.5707963267948966e-01 +1.8325957145940461e-01 +2.0943951023931953e-01 +2.3561944901923448e-01 +2.6179938779914941e-01 +2.8797932657906433e-01 +3.1415926535897931e-01 +3.4033920413889429e-01 +3.6651914291880922e-01 +3.9269908169872414e-01 +4.1887902047863906e-01 +4.4505895925855399e-01 +4.7123889803846897e-01 +4.9741883681838389e-01 +5.2359877559829882e-01 +5.4977871437821380e-01 +5.7595865315812866e-01 +6.0213859193804375e-01 +6.2831853071795862e-01 +6.5449846949787360e-01 +6.8067840827778858e-01 +7.0685834705770345e-01 +7.3303828583761843e-01 +7.5921822461753330e-01 +7.8539816339744828e-01,-2.7436461695138483,-2.8471921339556028,0.10354596444175446,0.0,1.0981344991321134e-10,54.36936444151368,495106605652.4344,adaptive_commutator,43,"(4, 10)",0.0,"((4, 9), (4, 10))"
H6,6,2.0,frozen_K,4,44,1036,997,253,2.545654107334202,2.545654107334202,generalized_same_spin_vector,+2.6179938779914941e-02 +5.2359877559829883e-02 +7.8539816339744828e-02 +1.0471975511965977e-01 +1.3089969389957470e-01 +1.5707963267948966e-01 +1.8325957145940461e-01 +2.0943951023931953e-01 +2.3561944901923448e-01 +2.6179938779914941e-01 +2.8797932657906433e-01 +3.1415926535897931e-01 +3.4033920413889429e-01 +3.6651914291880922e-01 +3.9269908169872414e-01 +4.1887902047863906e-01 +4.4505895925855399e-01 +4.7123889803846897e-01 +4.9741883681838389e-01 +5.2359877559829882e-01 +5.4977871437821380e-01 +5.7595865315812866e-01 +6.0213859193804375e-01 +6.2831853071795862e-01 +6.5449846949787360e-01 +6.8067840827778858e-01 +7.0685834705770345e-01 +7.3303828583761843e-01 +7.5921822461753330e-01 +7.8539816339744828e-01,-2.743611691167061,-2.8471921339556028,0.10358044278854184,0.0,1.1751541728799155e-10,55.29524504988328,470536090718.82764,adaptive_commutator,44,"(4, 11)",0.0,"((4, 10), (4, 11))"
H6,6,2.0,frozen_K,4,45,1082,1043,264,2.545654107334202,2.545654107334202,generalized_same_spin_vector,+2.6179938779914941e-02 +5.2359877559829883e-02 +7.8539816339744828e-02 +1.0471975511965977e-01 +1.3089969389957470e-01 +1.5707963267948966e-01 +1.8325957145940461e-01 +2.0943951023931953e-01 +2.3561944901923448e-01 +2.6179938779914941e-01 +2.8797932657906433e-01 +3.1415926535897931e-01 +3.4033920413889429e-01 +3.6651914291880922e-01 +3.9269908169872414e-01 +4.1887902047863906e-01 +4.4505895925855399e-01 +4.7123889803846897e-01 +4.9741883681838389e-01 +5.2359877559829882e-01 +5.4977871437821380e-01 +5.7595865315812866e-01 +6.0213859193804375e-01 +6.2831853071795862e-01 +6.5449846949787360e-01 +6.8067840827778858e-01 +7.0685834705770345e-01 +7.3303828583761843e-01 +7.5921822461753330e-01 +7.8539816339744828e-01,-2.75053866503048,-2.8471921339556028,0.09665346892512261,0.0,1.177708887899786e-10,55.295246568655024,469515405180.1656,adaptive_commutator,45,"(5, 6)",0.0,"((4, 11), (5, 6))"
H6,6,2.0,frozen_K,4,46,1129,1085,270,2.545654107334202,2.545654107334202,generalized_same_spin_vector,+2.6179938779914941e-02 +5.2359877559829883e-02 +7.8539816339744828e-02 +1.0471975511965977e-01 +1.3089969389957470e-01 +1.5707963267948966e-01 +1.8325957145940461e-01 +2.0943951023931953e-01 +2.3561944901923448e-01 +2.6179938779914941e-01 +2.8797932657906433e-01 +3.1415926535897931e-01 +3.4033920413889429e-01 +3.6651914291880922e-01 +3.9269908169872414e-01 +4.1887902047863906e-01 +4.4505895925855399e-01 +4.7123889803846897e-01 +4.9741883681838389e-01 +5.2359877559829882e-01 +5.4977871437821380e-01 +5.7595865315812866e-01 +6.0213859193804375e-01 +6.2831853071795862e-01 +6.5449846949787360e-01 +6.8067840827778858e-01 +7.0685834705770345e-01 +7.3303828583761843e-01 +7.5921822461753330e-01 +7.8539816339744828e-01,-2.752781661561384,-2.8471921339556028,0.09441047239421874,0.0,1.1638562456240244e-10,55.29524664514073,475103749737.521,adaptive_commutator,46,"(5, 7)",0.0,"((5, 6), (5, 7))"
H6,6,2.0,frozen_K,4,47,1177,1133,275,2.545654107334202,2.545654107334202,generalized_same_spin_vector,+2.6179938779914941e-02 +5.2359877559829883e-02 +7.8539816339744828e-02 +1.0471975511965977e-01 +1.3089969389957470e-01 +1.5707963267948966e-01 +1.8325957145940461e-01 +2.0943951023931953e-01 +2.3561944901923448e-01 +2.6179938779914941e-01 +2.8797932657906433e-01 +3.1415926535897931e-01 +3.4033920413889429e-01 +3.6651914291880922e-01 +3.9269908169872414e-01 +4.1887902047863906e-01 +4.4505895925855399e-01 +4.7123889803846897e-01 +4.9741883681838389e-01 +5.2359877559829882e-01 +5.4977871437821380e-01 +5.7595865315812866e-01 +6.0213859193804375e-01 +6.2831853071795862e-01 +6.5449846949787360e-01 +6.8067840827778858e-01 +7.0685834705770345e-01 +7.3303828583761843e-01 +7.5921822461753330e-01 +7.8539816339744828e-01,-2.7581311483474638,-2.8471921339556028,0.08906098560813902,0.0,1.169842262691118e-10,55.295910134071804,472678342179.8122,adaptive_commutator,47,"(5, 8)",0.0,"((5, 7), (5, 8))"
H6,6,2.0,frozen_K,4,48,1226,1177,276,2.545654107334202,2.545654107334202,generalized_same_spin_vector,+2.6179938779914941e-02 +5.2359877559829883e-02 +7.8539816339744828e-02 +1.0471975511965977e-01 +1.3089969389957470e-01 +1.5707963267948966e-01 +1.8325957145940461e-01 +2.0943951023931953e-01 +2.3561944901923448e-01 +2.6179938779914941e-01 +2.8797932657906433e-01 +3.1415926535897931e-01 +3.4033920413889429e-01 +3.6651914291880922e-01 +3.9269908169872414e-01 +4.1887902047863906e-01 +4.4505895925855399e-01 +4.7123889803846897e-01 +4.9741883681838389e-01 +5.2359877559829882e-01 +5.4977871437821380e-01 +5.7595865315812866e-01 +6.0213859193804375e-01 +6.2831853071795862e-01 +6.5449846949787360e-01 +6.8067840827778858e-01 +7.0685834705770345e-01 +7.3303828583761843e-01 +7.5921822461753330e-01 +7.8539816339744828e-01,-2.7577615023356743,-2.8471921339556028,0.08943063161992848,0.0,1.2407793497799705e-10,55.2961760495197,445656804808.40906,adaptive_commutator,48,"(5, 9)",0.0,"((5, 8), (5, 9))"
H6,6,2.0,frozen_K,4,49,1276,1227,276,2.545654107334202,2.545654107334202,generalized_same_spin_vector,+2.6179938779914941e-02 +5.2359877559829883e-02 +7.8539816339744828e-02 +1.0471975511965977e-01 +1.3089969389957470e-01 +1.5707963267948966e-01 +1.8325957145940461e-01 +2.0943951023931953e-01 +2.3561944901923448e-01 +2.6179938779914941e-01 +2.8797932657906433e-01 +3.1415926535897931e-01 +3.4033920413889429e-01 +3.6651914291880922e-01 +3.9269908169872414e-01 +4.1887902047863906e-01 +4.4505895925855399e-01 +4.7123889803846897e-01 +4.9741883681838389e-01 +5.2359877559829882e-01 +5.4977871437821380e-01 +5.7595865315812866e-01 +6.0213859193804375e-01 +6.2831853071795862e-01 +6.5449846949787360e-01 +6.8067840827778858e-01 +7.0685834705770345e-01 +7.3303828583761843e-01 +7.5921822461753330e-01 +7.8539816339744828e-01,-2.7577926342166457,-2.8471921339556028,0.08939949973895711,0.0,1.3408307652405235e-10,55.41489261748953,413287747074.8442,adaptive_commutator,49,"(5, 10)",0.0,"((5, 9), (5, 10))"
H6,6,2.0,frozen_K,4,50,1327,1273,276,2.545654107334202,2.545654107334202,generalized_same_spin_vector,+2.6179938779914941e-02 +5.2359877559829883e-02 +7.8539816339744828e-02 +1.0471975511965977e-01 +1.3089969389957470e-01 +1.5707963267948966e-01 +1.8325957145940461e-01 +2.0943951023931953e-01 +2.3561944901923448e-01 +2.6179938779914941e-01 +2.8797932657906433e-01 +3.1415926535897931e-01 +3.4033920413889429e-01 +3.6651914291880922e-01 +3.9269908169872414e-01 +4.1887902047863906e-01 +4.4505895925855399e-01 +4.7123889803846897e-01 +4.9741883681838389e-01 +5.2359877559829882e-01 +5.4977871437821380e-01 +5.7595865315812866e-01 +6.0213859193804375e-01 +6.2831853071795862e-01 +6.5449846949787360e-01 +6.8067840827778858e-01 +7.0685834705770345e-01 +7.3303828583761843e-01 +7.5921822461753330e-01 +7.8539816339744828e-01,-2.757167665611923,-2.8471921339556028,0.09002446834367994,0.0,1.4646370323972878e-10,55.49260178498324,378882962519.0761,adaptive_commutator,50,"(5, 11)",0.0,"((5, 10), (5, 11))"
H6,6,2.0,frozen_K,4,51,1379,1324,278,2.545654107334202,2.545654107334202,generalized_same_spin_vector,+2.6179938779914941e-02 +5.2359877559829883e-02 +7.8539816339744828e-02 +1.0471975511965977e-01 +1.3089969389957470e-01 +1.5707963267948966e-01 +1.8325957145940461e-01 +2.0943951023931953e-01 +2.3561944901923448e-01 +2.6179938779914941e-01 +2.8797932657906433e-01 +3.1415926535897931e-01 +3.4033920413889429e-01 +3.6651914291880922e-01 +3.9269908169872414e-01 +4.1887902047863906e-01 +4.4505895925855399e-01 +4.7123889803846897e-01 +4.9741883681838389e-01 +5.2359877559829882e-01 +5.4977871437821380e-01 +5.7595865315812866e-01 +6.0213859193804375e-01 +6.2831853071795862e-01 +6.5449846949787360e-01 +6.8067840827778858e-01 +7.0685834705770345e-01 +7.3303828583761843e-01 +7.5921822461753330e-01 +7.8539816339744828e-01,-2.758028032714968,-2.8471921339556028,0.08916410124063479,0.0,1.0091410265050133e-10,55.492601785029976,549899373105.6508,adaptive_commutator,51,"(6, 7)",0.0,"((5, 11), (6, 7))"
H6,6,2.0,frozen_K,4,52,1432,1371,278,2.545654107334202,2.545654107334202,generalized_same_spin_vector,+2.6179938779914941e-02 +5.2359877559829883e-02 +7.8539816339744828e-02 +1.0471975511965977e-01 +1.3089969389957470e-01 +1.5707963267948966e-01 +1.8325957145940461e-01 +2.0943951023931953e-01 +2.3561944901923448e-01 +2.6179938779914941e-01 +2.8797932657906433e-01 +3.1415926535897931e-01 +3.4033920413889429e-01 +3.6651914291880922e-01 +3.9269908169872414e-01 +4.1887902047863906e-01 +4.4505895925855399e-01 +4.7123889803846897e-01 +4.9741883681838389e-01 +5.2359877559829882e-01 +5.4977871437821380e-01 +5.7595865315812866e-01 +6.0213859193804375e-01 +6.2831853071795862e-01 +6.5449846949787360e-01 +6.8067840827778858e-01 +7.0685834705770345e-01 +7.3303828583761843e-01 +7.5921822461753330e-01 +7.8539816339744828e-01,-2.758319145701358,-2.8471921339556028,0.08887298825424494,0.0,1.083674861535144e-10,55.49260178563502,512077965036.7055,adaptive_commutator,52,"(6, 8)",0.0,"((6, 7), (6, 8))"
H6,6,2.0,frozen_K,4,53,1486,1424,278,2.545654107334202,2.545654107334202,generalized_same_spin_vector,+2.6179938779914941e-02 +5.2359877559829883e-02 +7.8539816339744828e-02 +1.0471975511965977e-01 +1.3089969389957470e-01 +1.5707963267948966e-01 +1.8325957145940461e-01 +2.0943951023931953e-01 +2.3561944901923448e-01 +2.6179938779914941e-01 +2.8797932657906433e-01 +3.1415926535897931e-01 +3.4033920413889429e-01 +3.6651914291880922e-01 +3.9269908169872414e-01 +4.1887902047863906e-01 +4.4505895925855399e-01 +4.7123889803846897e-01 +4.9741883681838389e-01 +5.2359877559829882e-01 +5.4977871437821380e-01 +5.7595865315812866e-01 +6.0213859193804375e-01 +6.2831853071795862e-01 +6.5449846949787360e-01 +6.8067840827778858e-01 +7.0685834705770345e-01 +7.3303828583761843e-01 +7.5921822461753330e-01 +7.8539816339744828e-01,-2.7587623315320253,-2.8471921339556028,0.08842980242357745,0.0,1.1988643388965176e-10,55.49260193524386,462876408404.3192,adaptive_commutator,53,"(6, 9)",0.0,"((6, 8), (6, 9))"
H6,6,2.0,frozen_K,4,54,1541,1473,279,2.545654107334202,2.545654107334202,generalized_same_spin_vector,+2.6179938779914941e-02 +5.2359877559829883e-02 +7.8539816339744828e-02 +1.0471975511965977e-01 +1.3089969389957470e-01 +1.5707963267948966e-01 +1.8325957145940461e-01 +2.0943951023931953e-01 +2.3561944901923448e-01 +2.6179938779914941e-01 +2.8797932657906433e-01 +3.1415926535897931e-01 +3.4033920413889429e-01 +3.6651914291880922e-01 +3.9269908169872414e-01 +4.1887902047863906e-01 +4.4505895925855399e-01 +4.7123889803846897e-01 +4.9741883681838389e-01 +5.2359877559829882e-01 +5.4977871437821380e-01 +5.7595865315812866e-01 +6.0213859193804375e-01 +6.2831853071795862e-01 +6.5449846949787360e-01 +6.8067840827778858e-01 +7.0685834705770345e-01 +7.3303828583761843e-01 +7.5921822461753330e-01 +7.8539816339744828e-01,-2.757655765620645,-2.8471921339556028,0.08953636833495793,0.0,1.0200888382283393e-10,55.4926021599247,543997739023.4231,adaptive_commutator,54,"(6, 10)",0.0,"((6, 9), (6, 10))"
H6,6,2.0,frozen_K,4,55,1597,1529,279,2.545654107334202,2.545654107334202,generalized_same_spin_vector,+2.6179938779914941e-02 +5.2359877559829883e-02 +7.8539816339744828e-02 +1.0471975511965977e-01 +1.3089969389957470e-01 +1.5707963267948966e-01 +1.8325957145940461e-01 +2.0943951023931953e-01 +2.3561944901923448e-01 +2.6179938779914941e-01 +2.8797932657906433e-01 +3.1415926535897931e-01 +3.4033920413889429e-01 +3.6651914291880922e-01 +3.9269908169872414e-01 +4.1887902047863906e-01 +4.4505895925855399e-01 +4.7123889803846897e-01 +4.9741883681838389e-01 +5.2359877559829882e-01 +5.4977871437821380e-01 +5.7595865315812866e-01 +6.0213859193804375e-01 +6.2831853071795862e-01 +6.5449846949787360e-01 +6.8067840827778858e-01 +7.0685834705770345e-01 +7.3303828583761843e-01 +7.5921822461753330e-01 +7.8539816339744828e-01,-2.757215780699626,-2.8471921339556028,0.08997635325597697,0.0,1.0491241206356493e-10,55.492673602720494,528942882078.6074,adaptive_commutator,55,"(6, 11)",0.0,"((6, 10), (6, 11))"
H6,6,2.0,frozen_K,4,56,1654,1585,279,2.545654107334202,2.545654107334202,generalized_same_spin_vector,+2.6179938779914941e-02 +5.2359877559829883e-02 +7.8539816339744828e-02 +1.0471975511965977e-01 +1.3089969389957470e-01 +1.5707963267948966e-01 +1.8325957145940461e-01 +2.0943951023931953e-01 +2.3561944901923448e-01 +2.6179938779914941e-01 +2.8797932657906433e-01 +3.1415926535897931e-01 +3.4033920413889429e-01 +3.6651914291880922e-01 +3.9269908169872414e-01 +4.1887902047863906e-01 +4.4505895925855399e-01 +4.7123889803846897e-01 +4.9741883681838389e-01 +5.2359877559829882e-01 +5.4977871437821380e-01 +5.7595865315812866e-01 +6.0213859193804375e-01 +6.2831853071795862e-01 +6.5449846949787360e-01 +6.8067840827778858e-01 +7.0685834705770345e-01 +7.3303828583761843e-01 +7.5921822461753330e-01 +7.8539816339744828e-01,-2.7578735537732086,-2.8471921339556028,0.08931858018239414,0.0,1.1348416777007948e-10,55.49267362329151,488990444338.6362,adaptive_commutator,56,"(7, 8)",0.0,"((6, 11), (7, 8))"
H6,6,2.0,frozen_K,4,57,1712,1635,279,2.545654107334202,2.545654107334202,generalized_same_spin_vector,+2.6179938779914941e-02 +5.2359877559829883e-02 +7.8539816339744828e-02 +1.0471975511965977e-01 +1.3089969389957470e-01 +1.5707963267948966e-01 +1.8325957145940461e-01 +2.0943951023931953e-01 +2.3561944901923448e-01 +2.6179938779914941e-01 +2.8797932657906433e-01 +3.1415926535897931e-01 +3.4033920413889429e-01 +3.6651914291880922e-01 +3.9269908169872414e-01 +4.1887902047863906e-01 +4.4505895925855399e-01 +4.7123889803846897e-01 +4.9741883681838389e-01 +5.2359877559829882e-01 +5.4977871437821380e-01 +5.7595865315812866e-01 +6.0213859193804375e-01 +6.2831853071795862e-01 +6.5449846949787360e-01 +6.8067840827778858e-01 +7.0685834705770345e-01 +7.3303828583761843e-01 +7.5921822461753330e-01 +7.8539816339744828e-01,-2.7579721733534046,-2.8471921339556028,0.08921996060219817,0.0,1.3746855376663185e-10,55.49267363375,403675401488.2195,adaptive_commutator,57,"(7, 9)",0.0,"((7, 8), (7, 9))"
H6,6,2.0,frozen_K,4,58,1771,1693,279,2.545654107334202,2.545654107334202,generalized_same_spin_vector,+2.6179938779914941e-02 +5.2359877559829883e-02 +7.8539816339744828e-02 +1.0471975511965977e-01 +1.3089969389957470e-01 +1.5707963267948966e-01 +1.8325957145940461e-01 +2.0943951023931953e-01 +2.3561944901923448e-01 +2.6179938779914941e-01 +2.8797932657906433e-01 +3.1415926535897931e-01 +3.4033920413889429e-01 +3.6651914291880922e-01 +3.9269908169872414e-01 +4.1887902047863906e-01 +4.4505895925855399e-01 +4.7123889803846897e-01 +4.9741883681838389e-01 +5.2359877559829882e-01 +5.4977871437821380e-01 +5.7595865315812866e-01 +6.0213859193804375e-01 +6.2831853071795862e-01 +6.5449846949787360e-01 +6.8067840827778858e-01 +7.0685834705770345e-01 +7.3303828583761843e-01 +7.5921822461753330e-01 +7.8539816339744828e-01,-2.7579562519201524,-2.8471921339556028,0.08923588203545041,0.0,1.4855826524026138e-10,55.49267722365201,373541499921.9627,adaptive_commutator,58,"(7, 10)",0.0,"((7, 9), (7, 10))"
H6,6,2.0,frozen_K,4,59,1831,1746,279,2.545654107334202,2.545654107334202,generalized_same_spin_vector,+2.6179938779914941e-02 +5.2359877559829883e-02 +7.8539816339744828e-02 +1.0471975511965977e-01 +1.3089969389957470e-01 +1.5707963267948966e-01 +1.8325957145940461e-01 +2.0943951023931953e-01 +2.3561944901923448e-01 +2.6179938779914941e-01 +2.8797932657906433e-01 +3.1415926535897931e-01 +3.4033920413889429e-01 +3.6651914291880922e-01 +3.9269908169872414e-01 +4.1887902047863906e-01 +4.4505895925855399e-01 +4.7123889803846897e-01 +4.9741883681838389e-01 +5.2359877559829882e-01 +5.4977871437821380e-01 +5.7595865315812866e-01 +6.0213859193804375e-01 +6.2831853071795862e-01 +6.5449846949787360e-01 +6.8067840827778858e-01 +7.0685834705770345e-01 +7.3303828583761843e-01 +7.5921822461753330e-01 +7.8539816339744828e-01,-2.7580075200535887,-2.8471921339556028,0.08918461390201404,0.0,1.767766977295852e-10,55.49268251867475,313914012601.1503,adaptive_commutator,59,"(7, 11)",0.0,"((7, 10), (7, 11))"
H6,6,2.0,frozen_K,4,60,1892,1807,279,2.545654107334202,2.545654107334202,generalized_same_spin_vector,+2.6179938779914941e-02 +5.2359877559829883e-02 +7.8539816339744828e-02 +1.0471975511965977e-01 +1.3089969389957470e-01 +1.5707963267948966e-01 +1.8325957145940461e-01 +2.0943951023931953e-01 +2.3561944901923448e-01 +2.6179938779914941e-01 +2.8797932657906433e-01 +3.1415926535897931e-01 +3.4033920413889429e-01 +3.6651914291880922e-01 +3.9269908169872414e-01 +4.1887902047863906e-01 +4.4505895925855399e-01 +4.7123889803846897e-01 +4.9741883681838389e-01 +5.2359877559829882e-01 +5.4977871437821380e-01 +5.7595865315812866e-01 +6.0213859193804375e-01 +6.2831853071795862e-01 +6.5449846949787360e-01 +6.8067840827778858e-01 +7.0685834705770345e-01 +7.3303828583761843e-01 +7.5921822461753330e-01 +7.8539816339744828e-01,-2.7584909631148014,-2.8471921339556028,0.08870117084080142,0.0,1.9332100604359522e-10,55.49274818941598,287049758973.9523,adaptive_commutator,60,"(8, 9)",0.0,"((7, 11), (8, 9))"
H6,6,2.0,frozen_K,4,61,1954,1862,280,2.545654107334202,2.545654107334202,generalized_same_spin_vector,+2.6179938779914941e-02 +5.2359877559829883e-02 +7.8539816339744828e-02 +1.0471975511965977e-01 +1.3089969389957470e-01 +1.5707963267948966e-01 +1.8325957145940461e-01 +2.0943951023931953e-01 +2.3561944901923448e-01 +2.6179938779914941e-01 +2.8797932657906433e-01 +3.1415926535897931e-01 +3.4033920413889429e-01 +3.6651914291880922e-01 +3.9269908169872414e-01 +4.1887902047863906e-01 +4.4505895925855399e-01 +4.7123889803846897e-01 +4.9741883681838389e-01 +5.2359877559829882e-01 +5.4977871437821380e-01 +5.7595865315812866e-01 +6.0213859193804375e-01 +6.2831853071795862e-01 +6.5449846949787360e-01 +6.8067840827778858e-01 +7.0685834705770345e-01 +7.3303828583761843e-01 +7.5921822461753330e-01 +7.8539816339744828e-01,-2.759928029094781,-2.8471921339556028,0.08726410486082159,0.0,1.1714490277360621e-10,55.492748292042236,473710310719.08704,adaptive_commutator,61,"(8, 10)",0.0,"((8, 9), (8, 10))"
H6,6,2.0,frozen_K,4,62,2017,1925,280,2.545654107334202,2.545654107334202,generalized_same_spin_vector,+2.6179938779914941e-02 +5.2359877559829883e-02 +7.8539816339744828e-02 +1.0471975511965977e-01 +1.3089969389957470e-01 +1.5707963267948966e-01 +1.8325957145940461e-01 +2.0943951023931953e-01 +2.3561944901923448e-01 +2.6179938779914941e-01 +2.8797932657906433e-01 +3.1415926535897931e-01 +3.4033920413889429e-01 +3.6651914291880922e-01 +3.9269908169872414e-01 +4.1887902047863906e-01 +4.4505895925855399e-01 +4.7123889803846897e-01 +4.9741883681838389e-01 +5.2359877559829882e-01 +5.4977871437821380e-01 +5.7595865315812866e-01 +6.0213859193804375e-01 +6.2831853071795862e-01 +6.5449846949787360e-01 +6.8067840827778858e-01 +7.0685834705770345e-01 +7.3303828583761843e-01 +7.5921822461753330e-01 +7.8539816339744828e-01,-2.7596703048121887,-2.8471921339556028,0.08752182914341411,0.0,1.3849837291056275e-10,55.52292669024991,400892266987.8917,adaptive_commutator,62,"(8, 11)",0.0,"((8, 10), (8, 11))"
H6,6,2.0,frozen_K,4,63,2081,1989,280,2.545654107334202,2.545654107334202,generalized_same_spin_vector,+2.6179938779914941e-02 +5.2359877559829883e-02 +7.8539816339744828e-02 +1.0471975511965977e-01 +1.3089969389957470e-01 +1.5707963267948966e-01 +1.8325957145940461e-01 +2.0943951023931953e-01 +2.3561944901923448e-01 +2.6179938779914941e-01 +2.8797932657906433e-01 +3.1415926535897931e-01 +3.4033920413889429e-01 +3.6651914291880922e-01 +3.9269908169872414e-01 +4.1887902047863906e-01 +4.4505895925855399e-01 +4.7123889803846897e-01 +4.9741883681838389e-01 +5.2359877559829882e-01 +5.4977871437821380e-01 +5.7595865315812866e-01 +6.0213859193804375e-01 +6.2831853071795862e-01 +6.5449846949787360e-01 +6.8067840827778858e-01 +7.0685834705770345e-01 +7.3303828583761843e-01 +7.5921822461753330e-01 +7.8539816339744828e-01,-2.7594898092254265,-2.8471921339556028,0.08770232473017625,0.0,1.6003531332241494e-10,55.536794317225706,347028372452.6384,adaptive_commutator,63,"(9, 10)",0.0,"((8, 11), (9, 10))"
H6,6,2.0,frozen_K,4,64,2146,2047,280,2.545654107334202,2.545654107334202,generalized_same_spin_vector,+2.6179938779914941e-02 +5.2359877559829883e-02 +7.8539816339744828e-02 +1.0471975511965977e-01 +1.3089969389957470e-01 +1.5707963267948966e-01 +1.8325957145940461e-01 +2.0943951023931953e-01 +2.3561944901923448e-01 +2.6179938779914941e-01 +2.8797932657906433e-01 +3.1415926535897931e-01 +3.4033920413889429e-01 +3.6651914291880922e-01 +3.9269908169872414e-01 +4.1887902047863906e-01 +4.4505895925855399e-01 +4.7123889803846897e-01 +4.9741883681838389e-01 +5.2359877559829882e-01 +5.4977871437821380e-01 +5.7595865315812866e-01 +6.0213859193804375e-01 +6.2831853071795862e-01 +6.5449846949787360e-01 +6.8067840827778858e-01 +7.0685834705770345e-01 +7.3303828583761843e-01 +7.5921822461753330e-01 +7.8539816339744828e-01,-2.759445544785086,-2.8471921339556028,0.08774658917051692,0.0,1.688728605259384e-10,55.53679726071132,328867510668.9569,adaptive_commutator,64,"(9, 11)",0.0,"((9, 10), (9, 11))"
H6,6,2.0,frozen_K,4,65,2212,2113,280,2.545654107334202,2.545654107334202,generalized_same_spin_vector,+2.6179938779914941e-02 +5.2359877559829883e-02 +7.8539816339744828e-02 +1.0471975511965977e-01 +1.3089969389957470e-01 +1.5707963267948966e-01 +1.8325957145940461e-01 +2.0943951023931953e-01 +2.3561944901923448e-01 +2.6179938779914941e-01 +2.8797932657906433e-01 +3.1415926535897931e-01 +3.4033920413889429e-01 +3.6651914291880922e-01 +3.9269908169872414e-01 +4.1887902047863906e-01 +4.4505895925855399e-01 +4.7123889803846897e-01 +4.9741883681838389e-01 +5.2359877559829882e-01 +5.4977871437821380e-01 +5.7595865315812866e-01 +6.0213859193804375e-01 +6.2831853071795862e-01 +6.5449846949787360e-01 +6.8067840827778858e-01 +7.0685834705770345e-01 +7.3303828583761843e-01 +7.5921822461753330e-01 +7.8539816339744828e-01,-2.759378163124088,-2.8471921339556028,0.08781397083151488,0.0,1.7877029850550382e-10,60.026912337655794,335776764034.4782,adaptive_commutator,65,"(10, 11)",0.0,"((9, 11), (10, 11))"
