iteration,state_index,energy_hartree,excitation_energy_hartree,tepid_free_energy_hartree,tepid_entropy
1,0,-1.9632920173831236,0.0,-2.4526905667511536,3.077205755161081
1,1,-1.8840462444504895,0.07924577293263413,-2.4526905667511536,3.077205755161081
1,2,-1.8077600853908289,0.15553193199229476,-2.4526905667511536,3.077205755161081
1,3,-1.7702780555917135,0.19301396179141017,-2.4526905667511536,3.077205755161081
1,4,-1.7647613422087067,0.19853067517441692,-2.4526905667511536,3.077205755161081
1,5,-1.7529849303367497,0.2103070870463739,-2.4526905667511536,3.077205755161081
1,6,-1.5068406547499174,0.4564513626332063,-2.4526905667511536,3.077205755161081
1,7,-1.443826388109625,0.5194656292734987,-2.4526905667511536,3.077205755161081
1,8,-1.388191687482208,0.5751003299009156,-2.4526905667511536,3.077205755161081
1,9,-1.3549741645248865,0.6083178528582371,-2.4526905667511536,3.077205755161081
1,10,-1.353453595871549,0.6098384215115746,-2.4526905667511536,3.077205755161081
1,11,-1.3191143196710402,0.6441776977120834,-2.4526905667511536,3.077205755161081
1,12,-1.3189393523225827,0.6443526650605409,-2.4526905667511536,3.077205755161081
1,13,-1.2859050756289445,0.6773869417541791,-2.4526905667511536,3.077205755161081
1,14,-1.2783922487698125,0.6848997686133111,-2.4526905667511536,3.077205755161081
1,15,-1.2536516396306896,0.709640377752434,-2.4526905667511536,3.077205755161081
1,16,-1.1738973981511998,0.7893946192319239,-2.4526905667511536,3.077205755161081
1,17,-1.1657808736816746,0.797511143701449,-2.4526905667511536,3.077205755161081
1,18,-1.1503532308062252,0.8129387865768984,-2.4526905667511536,3.077205755161081
1,19,-1.1472166059817595,0.8160754114013642,-2.4526905667511536,3.077205755161081
1,20,-1.0572956077697346,0.905996409613389,-2.4526905667511536,3.077205755161081
1,21,-1.0482294015482814,0.9150626158348423,-2.4526905667511536,3.077205755161081
1,22,-1.0312747827837898,0.9320172345993338,-2.4526905667511536,3.077205755161081
1,23,-0.985517873577476,0.9777741438056476,-2.4526905667511536,3.077205755161081
1,24,-0.7933243823113083,1.1699676350718153,-2.4526905667511536,3.077205755161081
1,25,-0.34305521793238225,1.6202367994507414,-2.4526905667511536,3.077205755161081
1,26,-0.33690360024814936,1.6263884171349743,-2.4526905667511536,3.077205755161081
2,0,-1.9686289921752418,0.0,-2.4592995201714665,3.061102037255629
2,1,-1.8845825143064843,0.08404647786875752,-2.4592995201714665,3.061102037255629
2,2,-1.8042643956012112,0.16436459657403057,-2.4592995201714665,3.061102037255629
2,3,-1.7898568545387519,0.17877213763648991,-2.4592995201714665,3.061102037255629
2,4,-1.755688476620925,0.2129405155543167,-2.4592995201714665,3.061102037255629
2,5,-1.7530123473216974,0.21561664485354437,-2.4592995201714665,3.061102037255629
2,6,-1.5067590128907007,0.4618699792845411,-2.4592995201714665,3.061102037255629
2,7,-1.4231732831440582,0.5454557090311836,-2.4592995201714665,3.061102037255629
2,8,-1.3977057097146621,0.5709232824605797,-2.4592995201714665,3.061102037255629
2,9,-1.3549702498107874,0.6136587423644544,-2.4592995201714665,3.061102037255629
2,10,-1.353447535168105,0.6151814570071368,-2.4592995201714665,3.061102037255629
2,11,-1.3439501004033363,0.6246788917719055,-2.4592995201714665,3.061102037255629
2,12,-1.3183708057596875,0.6502581864155543,-2.4592995201714665,3.061102037255629
2,13,-1.2860098736669787,0.6826191185082631,-2.4592995201714665,3.061102037255629
2,14,-1.277337217443767,0.6912917747314749,-2.4592995201714665,3.061102037255629
2,15,-1.2629154892205043,0.7057135029547374,-2.4592995201714665,3.061102037255629
2,16,-1.1657943720118142,0.8028346201634275,-2.4592995201714665,3.061102037255629
2,17,-1.1629214686918496,0.8057075234833921,-2.4592995201714665,3.061102037255629
2,18,-1.1501658967106967,0.8184630954645451,-2.4592995201714665,3.061102037255629
2,19,-1.1478659091484953,0.8207630830267465,-2.4592995201714665,3.061102037255629
2,20,-1.0572977489222108,0.9113312432530309,-2.4592995201714665,3.061102037255629
2,21,-1.0482278207439606,0.9204011714312812,-2.4592995201714665,3.061102037255629
2,22,-1.0446227646905462,0.9240062274846956,-2.4592995201714665,3.061102037255629
2,23,-1.0043322892836717,0.9642967028915701,-2.4592995201714665,3.061102037255629
2,24,-0.8047180231684394,1.1639109690068024,-2.4592995201714665,3.061102037255629
2,25,-0.34322645848984257,1.6254025336853992,-2.4592995201714665,3.061102037255629
2,26,-0.3359025937651445,1.6327263984100973,-2.4592995201714665,3.061102037255629
3,0,-1.9692384147151252,0.0,-2.4665360007620545,3.041556737413059
3,1,-1.885482417810224,0.0837559969049011,-2.4665360007620545,3.041556737413059
3,2,-1.8421930254972818,0.12704538921784336,-2.4665360007620545,3.041556737413059
3,3,-1.7758692192803336,0.19336919543479159,-2.4665360007620545,3.041556737413059
3,4,-1.75304388583714,0.21619452887798518,-2.4665360007620545,3.041556737413059
3,5,-1.7225429632399991,0.24669545147512606,-2.4665360007620545,3.041556737413059
3,6,-1.506417801487363,0.46282061322776213,-2.4665360007620545,3.041556737413059
3,7,-1.410421506536807,0.5588169081783181,-2.4665360007620545,3.041556737413059
3,8,-1.402904442561256,0.5663339721538692,-2.4665360007620545,3.041556737413059
3,9,-1.3567719659110737,0.6124664488040514,-2.4665360007620545,3.041556737413059
3,10,-1.3549626965492572,0.614275718165868,-2.4665360007620545,3.041556737413059
3,11,-1.3534321554288968,0.6158062592862283,-2.4665360007620545,3.041556737413059
3,12,-1.3172260521060573,0.6520123626090679,-2.4665360007620545,3.041556737413059
3,13,-1.286210538731067,0.6830278759840582,-2.4665360007620545,3.041556737413059
3,14,-1.275849039623538,0.6933893750915872,-2.4665360007620545,3.041556737413059
3,15,-1.2744766935509093,0.6947617211642159,-2.4665360007620545,3.041556737413059
3,16,-1.1658207131862361,0.803417701528889,-2.4665360007620545,3.041556737413059
3,17,-1.1645792851939034,0.8046591295212218,-2.4665360007620545,3.041556737413059
3,18,-1.150695682483544,0.8185427322315812,-2.4665360007620545,3.041556737413059
3,19,-1.1497866394375407,0.8194517752775845,-2.4665360007620545,3.041556737413059
3,20,-1.063283725380446,0.9059546893346793,-2.4665360007620545,3.041556737413059
3,21,-1.0573019085369588,0.9119365061781664,-2.4665360007620545,3.041556737413059
3,22,-1.0482245196133047,0.9210138951018205,-2.4665360007620545,3.041556737413059
3,23,-1.0316951613198921,0.937543253395233,-2.4665360007620545,3.041556737413059
3,24,-0.8123397550057438,1.1568986597093813,-2.4665360007620545,3.041556737413059
3,25,-0.3435596573745091,1.6256787573406162,-2.4665360007620545,3.041556737413059
3,26,-0.33709673584326544,1.6321416788718597,-2.4665360007620545,3.041556737413059
4,0,-1.9695768537100333,0.0,-2.4837022049570323,2.9796718118468704
4,1,-1.9093388290887923,0.06023802462124106,-2.4837022049570323,2.9796718118468704
4,2,-1.8453509805058583,0.124225873204175,-2.4837022049570323,2.9796718118468704
4,3,-1.7950640211280648,0.17451283258196848,-2.4837022049570323,2.9796718118468704
4,4,-1.7709380831559853,0.198638770554048,-2.4837022049570323,2.9796718118468704
4,5,-1.6949861227040344,0.27459073100599896,-2.4837022049570323,2.9796718118468704
4,6,-1.5036364735403622,0.4659403801696711,-2.4837022049570323,2.9796718118468704
4,7,-1.408542051181688,0.5610348025283454,-2.4837022049570323,2.9796718118468704
4,8,-1.3980509178592055,0.5715259358508278,-2.4837022049570323,2.9796718118468704
4,9,-1.3567647504040066,0.6128121033060268,-2.4837022049570323,2.9796718118468704
4,10,-1.356534353357976,0.6130425003520574,-2.4837022049570323,2.9796718118468704
4,11,-1.353604180417972,0.6159726732920614,-2.4837022049570323,2.9796718118468704
4,12,-1.3253749237708803,0.644201929939153,-2.4837022049570323,2.9796718118468704
4,13,-1.3067578455600368,0.6628190081499965,-2.4837022049570323,2.9796718118468704
4,14,-1.2755070220330915,0.6940698316769418,-2.4837022049570323,2.9796718118468704
4,15,-1.2536652095791117,0.7159116441309217,-2.4837022049570323,2.9796718118468704
4,16,-1.1688178634292135,0.8007589902808199,-2.4837022049570323,2.9796718118468704
4,17,-1.1639715599167328,0.8056052937933005,-2.4837022049570323,2.9796718118468704
4,18,-1.1574091175870507,0.8121677361229827,-2.4837022049570323,2.9796718118468704
4,19,-1.150725062958974,0.8188517907510593,-2.4837022049570323,2.9796718118468704
4,20,-1.1164849700324826,0.8530918836775507,-2.4837022049570323,2.9796718118468704
4,21,-1.0578298467335219,0.9117470069765115,-2.4837022049570323,2.9796718118468704
4,22,-1.0473885347691057,0.9221883189409277,-2.4837022049570323,2.9796718118468704
4,23,-1.0441019208969893,0.925474932813044,-2.4837022049570323,2.9796718118468704
4,24,-0.7964933387252655,1.1730835149847678,-2.4837022049570323,2.9796718118468704
4,25,-0.3552955452835525,1.6142813084264809,-2.4837022049570323,2.9796718118468704
4,26,-0.35412496147992495,1.6154518922301084,-2.4837022049570323,2.9796718118468704
5,0,-1.9695357350173375,0.0,-2.486551849373667,2.980854748792453
5,1,-1.9079249433734196,0.06161079164391792,-2.486551849373667,2.980854748792453
5,2,-1.8525428688734364,0.11699286614390103,-2.486551849373667,2.980854748792453
5,3,-1.7947652518957404,0.17477048312159704,-2.486551849373667,2.980854748792453
5,4,-1.7815462736351946,0.1879894613821429,-2.486551849373667,2.980854748792453
5,5,-1.7121926118115067,0.25734312320583075,-2.486551849373667,2.980854748792453
5,6,-1.5038936178219755,0.46564211719536197,-2.486551849373667,2.980854748792453
5,7,-1.417303496920672,0.5522322380966656,-2.486551849373667,2.980854748792453
5,8,-1.4116590389515453,0.5578766960657922,-2.486551849373667,2.980854748792453
5,9,-1.3567457267937224,0.6127900082236151,-2.486551849373667,2.980854748792453
5,10,-1.356741649108503,0.6127940859088346,-2.486551849373667,2.980854748792453
5,11,-1.356554265530447,0.6129814694868905,-2.486551849373667,2.980854748792453
5,12,-1.3257148503045193,0.6438208847128182,-2.486551849373667,2.980854748792453
5,13,-1.308717001800955,0.6608187332163824,-2.486551849373667,2.980854748792453
5,14,-1.2765565915125412,0.6929791435047963,-2.486551849373667,2.980854748792453
5,15,-1.2639021068362206,0.7056336281811169,-2.486551849373667,2.980854748792453
5,16,-1.1689656813523206,0.8005700536650169,-2.486551849373667,2.980854748792453
5,17,-1.163821425532376,0.8057143094849615,-2.486551849373667,2.980854748792453
5,18,-1.1575662755803642,0.8119694594369733,-2.486551849373667,2.980854748792453
5,19,-1.1466409105484363,0.8228948244689012,-2.486551849373667,2.980854748792453
5,20,-1.115960936145569,0.8535747988717686,-2.486551849373667,2.980854748792453
5,21,-1.0578101543691443,0.9117255806481932,-2.486551849373667,2.980854748792453
5,22,-1.0474568076226918,0.9220789273946457,-2.486551849373667,2.980854748792453
5,23,-1.0389130220750948,0.9306227129422426,-2.486551849373667,2.980854748792453
5,24,-0.7988834637808566,1.1706522712364809,-2.486551849373667,2.980854748792453
5,25,-0.35479728154847573,1.6147384534688618,-2.486551849373667,2.980854748792453
5,26,-0.3539096048315387,1.6156261301857988,-2.486551849373667,2.980854748792453
6,0,-1.9694456511724883,0.0,-2.489837380211642,2.979947937413103
6,1,-1.9064049338712667,0.06304071730122152,-2.489837380211642,2.979947937413103
6,2,-1.8575821734847688,0.11186347768771943,-2.489837380211642,2.979947937413103
6,3,-1.7979603182108355,0.1714853329616528,-2.489837380211642,2.979947937413103
6,4,-1.794322826318691,0.17512282485379727,-2.489837380211642,2.979947937413103
6,5,-1.720366531825015,0.2490791193474733,-2.489837380211642,2.979947937413103
6,6,-1.5040813633076362,0.46536428786485207,-2.489837380211642,2.979947937413103
6,7,-1.4331297736775752,0.536315877494913,-2.489837380211642,2.979947937413103
6,8,-1.4198102082290067,0.5496354429434815,-2.489837380211642,2.979947937413103
6,9,-1.371072588821608,0.5983730623508803,-2.489837380211642,2.979947937413103
6,10,-1.356893402478015,0.6125522486944732,-2.489837380211642,2.979947937413103
6,11,-1.3567203315004144,0.6127253196720739,-2.489837380211642,2.979947937413103
6,12,-1.3258396119338307,0.6436060392386576,-2.489837380211642,2.979947937413103
6,13,-1.3105698492387758,0.6588758019337124,-2.489837380211642,2.979947937413103
6,14,-1.2776208070570962,0.691824844115392,-2.489837380211642,2.979947937413103
6,15,-1.262998002371721,0.7064476488007672,-2.489837380211642,2.979947937413103
6,16,-1.1690827831683157,0.8003628680041726,-2.489837380211642,2.979947937413103
6,17,-1.1579962533988448,0.8114493977736434,-2.489837380211642,2.979947937413103
6,18,-1.1576873620701171,0.8117582891023711,-2.489837380211642,2.979947937413103
6,19,-1.145739292505402,0.8237063586670863,-2.489837380211642,2.979947937413103
6,20,-1.11378689972334,0.8556587514491483,-2.489837380211642,2.979947937413103
6,21,-1.0577900331769965,0.9116556179954918,-2.489837380211642,2.979947937413103
6,22,-1.0522485703083193,0.917197080864169,-2.489837380211642,2.979947937413103
6,23,-1.0475220293486511,0.9219236218238371,-2.489837380211642,2.979947937413103
6,24,-0.8043325974302447,1.1651130537422436,-2.489837380211642,2.979947937413103
6,25,-0.3553265322554801,1.614119118917008,-2.489837380211642,2.979947937413103
6,26,-0.35427939637366546,1.6151662547988228,-2.489837380211642,2.979947937413103
7,0,-1.9693071193129752,0.0,-2.4923672921566062,2.9766716337040395
7,1,-1.9096894346998303,0.05961768461314487,-2.4923672921566062,2.9766716337040395
7,2,-1.8576005188636344,0.11170660044934078,-2.4923672921566062,2.9766716337040395
7,3,-1.8027260018478763,0.16658111746509885,-2.4923672921566062,2.9766716337040395
7,4,-1.7939098225941643,0.17539729671881088,-2.4923672921566062,2.9766716337040395
7,5,-1.7421509072885935,0.22715621202438174,-2.4923672921566062,2.9766716337040395
7,6,-1.5090136433707586,0.4602934759422166,-2.4923672921566062,2.9766716337040395
7,7,-1.4365892457023457,0.5327178736106295,-2.4923672921566062,2.9766716337040395
7,8,-1.4203791177005316,0.5489280016124436,-2.4923672921566062,2.9766716337040395
7,9,-1.372523432354013,0.5967836869589622,-2.4923672921566062,2.9766716337040395
7,10,-1.3571647188488258,0.6121424004641494,-2.4923672921566062,2.9766716337040395
7,11,-1.3562604873710649,0.6130466319419103,-2.4923672921566062,2.9766716337040395
7,12,-1.3301498176810578,0.6391573016319174,-2.4923672921566062,2.9766716337040395
7,13,-1.3191605733948537,0.6501465459181215,-2.4923672921566062,2.9766716337040395
7,14,-1.2775005237630521,0.6918065955499231,-2.4923672921566062,2.9766716337040395
7,15,-1.2652215111591585,0.7040856081538167,-2.4923672921566062,2.9766716337040395
7,16,-1.1688745259583881,0.800432593354587,-2.4923672921566062,2.9766716337040395
7,17,-1.1600743741149397,0.8092327451980355,-2.4923672921566062,2.9766716337040395
7,18,-1.1566662915774322,0.812640827735543,-2.4923672921566062,2.9766716337040395
7,19,-1.1430478925175052,0.82625922679547,-2.4923672921566062,2.9766716337040395
7,20,-1.1132058934004743,0.8561012259125009,-2.4923672921566062,2.9766716337040395
7,21,-1.0576767518032348,0.9116303675097404,-2.4923672921566062,2.9766716337040395
7,22,-1.0520092811667472,0.917297838146228,-2.4923672921566062,2.9766716337040395
7,23,-1.0477250790060328,0.9215820403069424,-2.4923672921566062,2.9766716337040395
7,24,-0.8019135328726843,1.167393586440291,-2.4923672921566062,2.9766716337040395
7,25,-0.3509592009599971,1.618347918352978,-2.4923672921566062,2.9766716337040395
7,26,-0.3502746400645726,1.6190324792484025,-2.4923672921566062,2.9766716337040395
8,0,-1.9692401644402333,0.0,-2.4960063239949926,2.9678041895548746
8,1,-1.913635466747162,0.0556046976930713,-2.4960063239949926,2.9678041895548746
8,2,-1.8575675387268376,0.11167262571339576,-2.4960063239949926,2.9678041895548746
8,3,-1.8097614283327519,0.15947873610748142,-2.4960063239949926,2.9678041895548746
8,4,-1.7923954165642073,0.176844747876026,-2.4960063239949926,2.9678041895548746
8,5,-1.7596750527017389,0.20956511173849446,-2.4960063239949926,2.9678041895548746
8,6,-1.5116642486874674,0.4575759157527659,-2.4960063239949926,2.9678041895548746
8,7,-1.441528540576264,0.5277116238639694,-2.4960063239949926,2.9678041895548746
8,8,-1.4202566961760512,0.5489834682641821,-2.4960063239949926,2.9678041895548746
8,9,-1.3732355599510886,0.5960046044891447,-2.4960063239949926,2.9678041895548746
8,10,-1.3580368518397712,0.6112033126004621,-2.4960063239949926,2.9678041895548746
8,11,-1.3546539614627675,0.6145862029774658,-2.4960063239949926,2.9678041895548746
8,12,-1.3377552968174853,0.631484867622748,-2.4960063239949926,2.9678041895548746
8,13,-1.3248269112992794,0.6444132531409539,-2.4960063239949926,2.9678041895548746
8,14,-1.2781157516079873,0.691124412832246,-2.4960063239949926,2.9678041895548746
8,15,-1.2672055829355031,0.7020345815047302,-2.4960063239949926,2.9678041895548746
8,16,-1.1681487701153588,0.8010913943248745,-2.4960063239949926,2.9678041895548746
8,17,-1.1630528082308662,0.8061873562093671,-2.4960063239949926,2.9678041895548746
8,18,-1.1578239367626053,0.811416227677628,-2.4960063239949926,2.9678041895548746
8,19,-1.1452546712533977,0.8239854931868356,-2.4960063239949926,2.9678041895548746
8,20,-1.1125826019697835,0.8566575624704498,-2.4960063239949926,2.9678041895548746
8,21,-1.0574937686785384,0.9117463957616949,-2.4960063239949926,2.9678041895548746
8,22,-1.0518057402304728,0.9174344242097605,-2.4960063239949926,2.9678041895548746
8,23,-1.0479509945858994,0.921289169854334,-2.4960063239949926,2.9678041895548746
8,24,-0.7987033903957583,1.170536774044475,-2.4960063239949926,2.9678041895548746
8,25,-0.3455692715478523,1.623670892892381,-2.4960063239949926,2.9678041895548746
8,26,-0.3437266814022518,1.6255134830379814,-2.4960063239949926,2.9678041895548746
9,0,-1.9691691222344843,0.0,-2.496358684361201,2.9673404884054806
9,1,-1.9125274633482705,0.05664165888621375,-2.496358684361201,2.9673404884054806
9,2,-1.8565820204195758,0.1125871018149085,-2.496358684361201,2.9673404884054806
9,3,-1.8062230314557242,0.1629460907787601,-2.496358684361201,2.9673404884054806
9,4,-1.79125706110754,0.17791206112694424,-2.496358684361201,2.9673404884054806
9,5,-1.7618274855083615,0.2073416367261227,-2.496358684361201,2.9673404884054806
9,6,-1.5118589550787875,0.4573101671556967,-2.496358684361201,2.9673404884054806
9,7,-1.443687341022842,0.5254817812116424,-2.496358684361201,2.9673404884054806
9,8,-1.4198380062603533,0.549331115974131,-2.496358684361201,2.9673404884054806
9,9,-1.3719721530207896,0.5971969692136947,-2.496358684361201,2.9673404884054806
9,10,-1.3582968810316949,0.6108722412027894,-2.496358684361201,2.9673404884054806
9,11,-1.3551702882496799,0.6139988339848044,-2.496358684361201,2.9673404884054806
9,12,-1.3400229930028853,0.629146129231599,-2.496358684361201,2.9673404884054806
9,13,-1.3258137695074437,0.6433553527270406,-2.496358684361201,2.9673404884054806
9,14,-1.2778133702085788,0.6913557520259055,-2.496358684361201,2.9673404884054806
9,15,-1.2685613344528501,0.7006077877816341,-2.496358684361201,2.9673404884054806
9,16,-1.167942246427077,0.8012268758074073,-2.496358684361201,2.9673404884054806
9,17,-1.1624058148584009,0.8067633073760834,-2.496358684361201,2.9673404884054806
9,18,-1.1586173168508502,0.810551805383634,-2.496358684361201,2.9673404884054806
9,19,-1.1452940773173672,0.823875044917117,-2.496358684361201,2.9673404884054806
9,20,-1.1130304245300777,0.8561386977044065,-2.496358684361201,2.9673404884054806
9,21,-1.057529503507566,0.9116396187269182,-2.496358684361201,2.9673404884054806
9,22,-1.0526790094612408,0.9164901127732434,-2.496358684361201,2.9673404884054806
9,23,-1.047982146810384,0.9211869754241002,-2.496358684361201,2.9673404884054806
9,24,-0.8004007087075501,1.168768413526934,-2.496358684361201,2.9673404884054806
9,25,-0.34665748099537314,1.6225116412391112,-2.496358684361201,2.9673404884054806
9,26,-0.3450616669458324,1.6241074552886519,-2.496358684361201,2.9673404884054806
10,0,-1.96912071805806,0.0,-2.496772362603672,2.966243281083888
10,1,-1.9105585379284373,0.058562180129622776,-2.496772362603672,2.966243281083888
10,2,-1.8546995227584142,0.1144211952996459,-2.496772362603672,2.966243281083888
10,3,-1.8016867718582672,0.1674339461997929,-2.496772362603672,2.966243281083888
10,4,-1.7898717146430507,0.17924900341500938,-2.496772362603672,2.966243281083888
10,5,-1.7637133962777696,0.20540732178029053,-2.496772362603672,2.966243281083888
10,6,-1.5119140743018986,0.4572066437561615,-2.496772362603672,2.966243281083888
10,7,-1.4459922897579853,0.5231284283000748,-2.496772362603672,2.966243281083888
10,8,-1.419150375729113,0.549970342328947,-2.496772362603672,2.966243281083888
10,9,-1.3701682907711883,0.5989524272868718,-2.496772362603672,2.966243281083888
10,10,-1.3586571048907643,0.6104636131672958,-2.496772362603672,2.966243281083888
10,11,-1.355707554655281,0.6134131634027791,-2.496772362603672,2.966243281083888
10,12,-1.3424690262221857,0.6266516918358744,-2.496772362603672,2.966243281083888
10,13,-1.3269720252298622,0.6421486928281979,-2.496772362603672,2.966243281083888
10,14,-1.278447345728753,0.690673372329307,-2.496772362603672,2.966243281083888
10,15,-1.270272762137474,0.698847955920586,-2.496772362603672,2.966243281083888
10,16,-1.1675386828025223,0.8015820352555378,-2.496772362603672,2.966243281083888
10,17,-1.1618662403596047,0.8072544776984554,-2.496772362603672,2.966243281083888
10,18,-1.1598522476112503,0.8092684704468098,-2.496772362603672,2.966243281083888
10,19,-1.1452624808979057,0.8238582371601544,-2.496772362603672,2.966243281083888
10,20,-1.1136450812819778,0.8554756367760823,-2.496772362603672,2.966243281083888
10,21,-1.0575713847443604,0.9115493333136997,-2.496772362603672,2.966243281083888
10,22,-1.0536228717431078,0.9154978463149523,-2.496772362603672,2.966243281083888
10,23,-1.048013965922778,0.921106752135282,-2.496772362603672,2.966243281083888
10,24,-0.8020574588479582,1.167063259210102,-2.496772362603672,2.966243281083888
10,25,-0.3479161501428693,1.6212045679151907,-2.496772362603672,2.966243281083888
10,26,-0.34667819340999473,1.6224425246480654,-2.496772362603672,2.966243281083888
11,0,-1.9693706202234376,0.0,-2.498068980488707,2.966894270706869
11,1,-1.9096024986706888,0.0597681215527488,-2.498068980488707,2.966894270706869
11,2,-1.8574194051650026,0.11195121505843497,-2.498068980488707,2.966894270706869
11,3,-1.8191972811111883,0.15017333911224928,-2.498068980488707,2.966894270706869
11,4,-1.7830619709281499,0.18630864929528768,-2.498068980488707,2.966894270706869
11,5,-1.763818908225254,0.20555171199818356,-2.498068980488707,2.966894270706869
11,6,-1.5106741776645198,0.4586964425589177,-2.498068980488707,2.966894270706869
11,7,-1.4481312923992156,0.521239327824222,-2.498068980488707,2.966894270706869
11,8,-1.4182438302987381,0.5511267899246994,-2.498068980488707,2.966894270706869
11,9,-1.3759795855132153,0.5933910347102223,-2.498068980488707,2.966894270706869
11,10,-1.35726503291643,0.6121055873070076,-2.498068980488707,2.966894270706869
11,11,-1.3558138284351484,0.6135567917882891,-2.498068980488707,2.966894270706869
11,12,-1.3453537027378715,0.6240169174855661,-2.498068980488707,2.966894270706869
11,13,-1.320133013881186,0.6492376063422516,-2.498068980488707,2.966894270706869
11,14,-1.2791863899504279,0.6901842302730097,-2.498068980488707,2.966894270706869
11,15,-1.2601616271512783,0.7092089930721592,-2.498068980488707,2.966894270706869
11,16,-1.1659485922007162,0.8034220280227213,-2.498068980488707,2.966894270706869
11,17,-1.161588374462436,0.8077822457610015,-2.498068980488707,2.966894270706869
11,18,-1.1567481945770413,0.8126224256463963,-2.498068980488707,2.966894270706869
11,19,-1.1409396113111894,0.8284310089122482,-2.498068980488707,2.966894270706869
11,20,-1.1015448205252534,0.8678257996981842,-2.498068980488707,2.966894270706869
11,21,-1.0573386958430533,0.9120319243803843,-2.498068980488707,2.966894270706869
11,22,-1.054631910379928,0.9147387098435096,-2.498068980488707,2.966894270706869
11,23,-1.048164199509542,0.9212064207138955,-2.498068980488707,2.966894270706869
11,24,-0.8032232589884076,1.16614736123503,-2.498068980488707,2.966894270706869
11,25,-0.3408333015404588,1.6285373186829788,-2.498068980488707,2.966894270706869
11,26,-0.3367999137697914,1.632570706453646,-2.498068980488707,2.966894270706869
12,0,-1.969096839304273,0.0,-2.500638708073786,2.9559339209484645
12,1,-1.9047498788335917,0.06434696047068122,-2.500638708073786,2.9559339209484645
12,2,-1.8575894368248864,0.11150740247938651,-2.500638708073786,2.9559339209484645
12,3,-1.804796107338494,0.164300731965779,-2.500638708073786,2.9559339209484645
12,4,-1.7887572177244244,0.1803396215798485,-2.500638708073786,2.9559339209484645
12,5,-1.759887887081365,0.20920895222290792,-2.500638708073786,2.9559339209484645
12,6,-1.5116015693102016,0.4574952699940713,-2.500638708073786,2.9559339209484645
12,7,-1.449677131826499,0.519419707477774,-2.500638708073786,2.9559339209484645
12,8,-1.413185995666403,0.5559108436378699,-2.500638708073786,2.9559339209484645
12,9,-1.3698328056288884,0.5992640336753845,-2.500638708073786,2.9559339209484645
12,10,-1.3597892973971142,0.6093075419071587,-2.500638708073786,2.9559339209484645
12,11,-1.355442003092511,0.613654836211762,-2.500638708073786,2.9559339209484645
12,12,-1.3462208828282562,0.6228759564760167,-2.500638708073786,2.9559339209484645
12,13,-1.3255365564327277,0.6435602828715452,-2.500638708073786,2.9559339209484645
12,14,-1.2789139665464078,0.6901828727578652,-2.500638708073786,2.9559339209484645
12,15,-1.263189041461784,0.705907797842489,-2.500638708073786,2.9559339209484645
12,16,-1.1669895411035116,0.8021072982007613,-2.500638708073786,2.9559339209484645
12,17,-1.163287010154338,0.8058098291499349,-2.500638708073786,2.9559339209484645
12,18,-1.1564293021312138,0.8126675371730592,-2.500638708073786,2.9559339209484645
12,19,-1.1427700537793868,0.8263267855248861,-2.500638708073786,2.9559339209484645
12,20,-1.1115584329372472,0.8575384063670257,-2.500638708073786,2.9559339209484645
12,21,-1.057464715845084,0.9116321234591889,-2.500638708073786,2.9559339209484645
12,22,-1.0572878289477317,0.9118090103565413,-2.500638708073786,2.9559339209484645
12,23,-1.0480304455438223,0.9210663937604506,-2.500638708073786,2.9559339209484645
12,24,-0.7997216671346637,1.1693751721696093,-2.500638708073786,2.9559339209484645
12,25,-0.3443103996662133,1.6247864396380596,-2.500638708073786,2.9559339209484645
12,26,-0.34221336821289994,1.6268834710913729,-2.500638708073786,2.9559339209484645
13,0,-1.969095885366484,0.0,-2.5028449912034216,2.950337960976337
13,1,-1.9077434814312024,0.06135240393528152,-2.5028449912034216,2.950337960976337
13,2,-1.8572866140332724,0.1118092713332115,-2.5028449912034216,2.950337960976337
13,3,-1.810029916332193,0.15906596903429104,-2.5028449912034216,2.950337960976337
13,4,-1.7929876291148226,0.17610825625166138,-2.5028449912034216,2.950337960976337
13,5,-1.7645722218481013,0.2045236635183827,-2.5028449912034216,2.950337960976337
13,6,-1.5106236600043434,0.4584722253621405,-2.5028449912034216,2.950337960976337
13,7,-1.4489183474308414,0.5201775379356426,-2.5028449912034216,2.950337960976337
13,8,-1.410954805026933,0.558141080339551,-2.5028449912034216,2.950337960976337
13,9,-1.3683096240846613,0.6007862612818227,-2.5028449912034216,2.950337960976337
13,10,-1.3583032291266979,0.6107926562397861,-2.5028449912034216,2.950337960976337
13,11,-1.3567245494123066,0.6123713359541774,-2.5028449912034216,2.950337960976337
13,12,-1.339156768479065,0.6299391168874189,-2.5028449912034216,2.950337960976337
13,13,-1.3269821830340076,0.6421137023324763,-2.5028449912034216,2.950337960976337
13,14,-1.279118253235533,0.689977632130951,-2.5028449912034216,2.950337960976337
13,15,-1.2662787006710305,0.7028171846954534,-2.5028449912034216,2.950337960976337
13,16,-1.168196846182938,0.800899039183546,-2.5028449912034216,2.950337960976337
13,17,-1.1613981730248841,0.8076977123415998,-2.5028449912034216,2.950337960976337
13,18,-1.156974677562737,0.812121207803747,-2.5028449912034216,2.950337960976337
13,19,-1.1417031106649798,0.8273927747015042,-2.5028449912034216,2.950337960976337
13,20,-1.1117961656406532,0.8572997197258307,-2.5028449912034216,2.950337960976337
13,21,-1.057714803128957,0.911381082237527,-2.5028449912034216,2.950337960976337
13,22,-1.057568276316712,0.9115276090497719,-2.5028449912034216,2.950337960976337
13,23,-1.047951893524559,0.9211439918419249,-2.5028449912034216,2.950337960976337
13,24,-0.8002257149626406,1.1688701704038433,-2.5028449912034216,2.950337960976337
13,25,-0.3475044343899291,1.6215914509765548,-2.5028449912034216,2.950337960976337
13,26,-0.34109732548065347,1.6279985598858304,-2.5028449912034216,2.950337960976337
14,0,-1.9689864224199738,0.0,-2.503488309126436,2.9481586670320308
14,1,-1.9077156616362294,0.06127076078374438,-2.503488309126436,2.9481586670320308
14,2,-1.8573906322505997,0.11159579016937404,-2.503488309126436,2.9481586670320308
14,3,-1.8021477286221077,0.1668386937978661,-2.503488309126436,2.9481586670320308
14,4,-1.794533694368509,0.17445272805146472,-2.503488309126436,2.9481586670320308
14,5,-1.763355915516005,0.20563050690396878,-2.503488309126436,2.9481586670320308
14,6,-1.5107113312867766,0.4582750911331972,-2.503488309126436,2.9481586670320308
14,7,-1.4495939457935052,0.5193924766264686,-2.503488309126436,2.9481586670320308
14,8,-1.4084911504194004,0.5604952720005734,-2.503488309126436,2.9481586670320308
14,9,-1.3644997501031553,0.6044866723168185,-2.503488309126436,2.9481586670320308
14,10,-1.3584396978835822,0.6105467245363916,-2.503488309126436,2.9481586670320308
14,11,-1.3565233820149665,0.6124630404050073,-2.503488309126436,2.9481586670320308
14,12,-1.3367880976231452,0.6321983247968286,-2.503488309126436,2.9481586670320308
14,13,-1.3276700270169073,0.6413163954030665,-2.503488309126436,2.9481586670320308
14,14,-1.2790203400438218,0.689966082376152,-2.503488309126436,2.9481586670320308
14,15,-1.266057359494999,0.7029290629249747,-2.503488309126436,2.9481586670320308
14,16,-1.1683992582385196,0.8005871641814541,-2.503488309126436,2.9481586670320308
14,17,-1.1616067558681464,0.8073796665518274,-2.503488309126436,2.9481586670320308
14,18,-1.1566832992061125,0.8123031232138613,-2.503488309126436,2.9481586670320308
14,19,-1.142448054683684,0.8265383677362899,-2.503488309126436,2.9481586670320308
14,20,-1.1128785770516654,0.8561078453683084,-2.503488309126436,2.9481586670320308
14,21,-1.0584469497736737,0.9105394726463001,-2.503488309126436,2.9481586670320308
14,22,-1.0576192006345224,0.9113672217854514,-2.503488309126436,2.9481586670320308
14,23,-1.0478513643455523,0.9211350580744215,-2.503488309126436,2.9481586670320308
14,24,-0.7978827162372699,1.1711037061827039,-2.503488309126436,2.9481586670320308
14,25,-0.34886834205156286,1.620118080368411,-2.503488309126436,2.9481586670320308
14,26,-0.34242659975490214,1.6265598226650717,-2.503488309126436,2.9481586670320308
15,0,-1.9690079892488803,0.0,-2.5042360143736495,2.949178248037903
15,1,-1.9050387094154153,0.06396927983346501,-2.5042360143736495,2.949178248037903
15,2,-1.8572618861450636,0.11174610310381672,-2.5042360143736495,2.949178248037903
15,3,-1.8031678033698564,0.16584018587902394,-2.5042360143736495,2.949178248037903
15,4,-1.794441531572733,0.17456645767614742,-2.5042360143736495,2.949178248037903
15,5,-1.7634597142003487,0.20554827504853157,-2.5042360143736495,2.949178248037903
15,6,-1.5096666208077536,0.4593413684411267,-2.5042360143736495,2.949178248037903
15,7,-1.4493085180945122,0.5196994711543681,-2.5042360143736495,2.949178248037903
15,8,-1.4121113198921937,0.5568966693566866,-2.5042360143736495,2.949178248037903
15,9,-1.3699244057703852,0.5990835834784951,-2.5042360143736495,2.949178248037903
15,10,-1.3583178883991687,0.6106901008497116,-2.5042360143736495,2.949178248037903
15,11,-1.356709880921913,0.6122981083269674,-2.5042360143736495,2.949178248037903
15,12,-1.3366310711793794,0.6323769180695009,-2.5042360143736495,2.949178248037903
15,13,-1.327614398922068,0.6413935903268124,-2.5042360143736495,2.949178248037903
15,14,-1.279031110854644,0.6899768783942364,-2.5042360143736495,2.949178248037903
15,15,-1.2620572587950762,0.7069507304538041,-2.5042360143736495,2.949178248037903
15,16,-1.1684588014084747,0.8005491878404056,-2.5042360143736495,2.949178248037903
15,17,-1.1619008631528525,0.8071071260960279,-2.5042360143736495,2.949178248037903
15,18,-1.1572767193502278,0.8117312698986525,-2.5042360143736495,2.949178248037903
15,19,-1.1421076788405347,0.8269003104083457,-2.5042360143736495,2.949178248037903
15,20,-1.1121611140505716,0.8568468751983087,-2.5042360143736495,2.949178248037903
15,21,-1.057602080280037,0.9114059089688433,-2.5042360143736495,2.949178248037903
15,22,-1.0565744509997212,0.9124335382491591,-2.5042360143736495,2.949178248037903
15,23,-1.0478650665283953,0.921142922720485,-2.5042360143736495,2.949178248037903
15,24,-0.7932877558183452,1.175720233430535,-2.5042360143736495,2.949178248037903
15,25,-0.348129751159226,1.6208782380896543,-2.5042360143736495,2.949178248037903
15,26,-0.34061557185612984,1.6283924173927504,-2.5042360143736495,2.949178248037903
16,0,-1.9690132348822966,0.0,-2.5047097686027535,2.948145572354709
16,1,-1.905536073526929,0.06347716135536752,-2.5047097686027535,2.948145572354709
16,2,-1.8574976780418855,0.11151555684041115,-2.5047097686027535,2.948145572354709
16,3,-1.8032937376675917,0.16571949721470491,-2.5047097686027535,2.948145572354709
16,4,-1.7944283139041484,0.17458492097814826,-2.5047097686027535,2.948145572354709
16,5,-1.762962759752984,0.20605047512931263,-2.5047097686027535,2.948145572354709
16,6,-1.509955706462593,0.4590575284197036,-2.5047097686027535,2.948145572354709
16,7,-1.4499250831248078,0.5190881517574888,-2.5047097686027535,2.948145572354709
16,8,-1.409293871045273,0.5597193638370237,-2.5047097686027535,2.948145572354709
16,9,-1.366114441671484,0.6028987932108125,-2.5047097686027535,2.948145572354709
16,10,-1.35828677556318,0.6107264593191166,-2.5047097686027535,2.948145572354709
16,11,-1.3566433300755676,0.612369904806729,-2.5047097686027535,2.948145572354709
16,12,-1.336466776922878,0.6325464579594187,-2.5047097686027535,2.948145572354709
16,13,-1.3276175900715292,0.6413956448107674,-2.5047097686027535,2.948145572354709
16,14,-1.2789260029659073,0.6900872319163893,-2.5047097686027535,2.948145572354709
16,15,-1.264703824185181,0.7043094106971157,-2.5047097686027535,2.948145572354709
16,16,-1.1684642757776298,0.8005489591046668,-2.5047097686027535,2.948145572354709
16,17,-1.1620084399473605,0.8070047949349362,-2.5047097686027535,2.948145572354709
16,18,-1.155505855541623,0.8135073793406735,-2.5047097686027535,2.948145572354709
16,19,-1.1429128451667674,0.8261003897155292,-2.5047097686027535,2.948145572354709
16,20,-1.112419025050153,0.8565942098321435,-2.5047097686027535,2.948145572354709
16,21,-1.0578669191120733,0.9111463157702233,-2.5047097686027535,2.948145572354709
16,22,-1.057596699528156,0.9114165353541406,-2.5047097686027535,2.948145572354709
16,23,-1.0478648915692317,0.9211483433130649,-2.5047097686027535,2.948145572354709
16,24,-0.7949559511653675,1.174057283716929,-2.5047097686027535,2.948145572354709
16,25,-0.34797920884988287,1.6210340260324139,-2.5047097686027535,2.948145572354709
16,26,-0.3403089617456916,1.628704273136605,-2.5047097686027535,2.948145572354709
17,0,-1.969003135895134,0.0,-2.5049719159681554,2.9483737013253926
17,1,-1.9051799853245606,0.06382315057057353,-2.5049719159681554,2.9483737013253926
17,2,-1.8574024920903793,0.11160064380475476,-2.5049719159681554,2.9483737013253926
17,3,-1.8022252215759638,0.16677791431917033,-2.5049719159681554,2.9483737013253926
17,4,-1.7942066632853855,0.17479647260974862,-2.5049719159681554,2.9483737013253926
17,5,-1.7634172021602879,0.20558593373484624,-2.5049719159681554,2.9483737013253926
17,6,-1.5096933338559966,0.4593098020391375,-2.5049719159681554,2.9483737013253926
17,7,-1.4497700308163808,0.5192331050787533,-2.5049719159681554,2.9483737013253926
17,8,-1.4116603861714088,0.5573427497237253,-2.5049719159681554,2.9483737013253926
17,9,-1.3686740406978684,0.6003290951972657,-2.5049719159681554,2.9483737013253926
17,10,-1.3582093063233676,0.6107938295717665,-2.5049719159681554,2.9483737013253926
17,11,-1.3567456726088523,0.6122574632862818,-2.5049719159681554,2.9483737013253926
17,12,-1.3365172838838073,0.6324858520113268,-2.5049719159681554,2.9483737013253926
17,13,-1.327524577473418,0.6414785584217162,-2.5049719159681554,2.9483737013253926
17,14,-1.2789706700404375,0.6900324658546966,-2.5049719159681554,2.9483737013253926
17,15,-1.2636581168216252,0.7053450190735089,-2.5049719159681554,2.9483737013253926
17,16,-1.1684683348604195,0.8005348010347146,-2.5049719159681554,2.9483737013253926
17,17,-1.1618592113405444,0.8071439245545897,-2.5049719159681554,2.9483737013253926
17,18,-1.1565649039703123,0.8124382319248218,-2.5049719159681554,2.9483737013253926
17,19,-1.1427935432897234,0.8262095926054107,-2.5049719159681554,2.9483737013253926
17,20,-1.1121936974327344,0.8568094384623997,-2.5049719159681554,2.9483737013253926
17,21,-1.0575931470914461,0.911409988803688,-2.5049719159681554,2.9483737013253926
17,22,-1.0569293457757218,0.9120737901194123,-2.5049719159681554,2.9483737013253926
17,23,-1.0478795809310466,0.9211235549640875,-2.5049719159681554,2.9483737013253926
17,24,-0.7935978659734501,1.1754052699216841,-2.5049719159681554,2.9483737013253926
17,25,-0.3479025355666457,1.6211006003284885,-2.5049719159681554,2.9483737013253926
17,26,-0.34130244256186754,1.6277006933332665,-2.5049719159681554,2.9483737013253926
18,0,-1.9689938334582435,0.0,-2.5053496498133185,2.9493568753502384
18,1,-1.9071311495111454,0.06186268394709815,-2.5053496498133185,2.9493568753502384
18,2,-1.8574793623228327,0.1115144711354108,-2.5053496498133185,2.9493568753502384
18,3,-1.8025335542887302,0.16646027916951334,-2.5053496498133185,2.9493568753502384
18,4,-1.7938030133941727,0.17519082006407083,-2.5053496498133185,2.9493568753502384
18,5,-1.7639580901238037,0.20503574333443986,-2.5053496498133185,2.9493568753502384
18,6,-1.5088047836402079,0.46018904981803566,-2.5053496498133185,2.9493568753502384
18,7,-1.4492871990631344,0.5197066343951091,-2.5053496498133185,2.9493568753502384
18,8,-1.4123346714099627,0.5566591620482808,-2.5053496498133185,2.9493568753502384
18,9,-1.3671633874312632,0.6018304460269803,-2.5053496498133185,2.9493568753502384
18,10,-1.3584738797158609,0.6105199537423827,-2.5053496498133185,2.9493568753502384
18,11,-1.3567672352549334,0.6122265982033102,-2.5053496498133185,2.9493568753502384
18,12,-1.3385519343826027,0.6304418990756409,-2.5053496498133185,2.9493568753502384
18,13,-1.3276512057231846,0.6413426277350589,-2.5053496498133185,2.9493568753502384
18,14,-1.2785278265118025,0.690466006946441,-2.5053496498133185,2.9493568753502384
18,15,-1.265619623482047,0.7033742099761966,-2.5053496498133185,2.9493568753502384
18,16,-1.1682849033358327,0.8007089301224108,-2.5053496498133185,2.9493568753502384
18,17,-1.1618696482010096,0.807124185257234,-2.5053496498133185,2.9493568753502384
18,18,-1.1561445547616065,0.812849278696637,-2.5053496498133185,2.9493568753502384
18,19,-1.143662292124877,0.8253315413333666,-2.5053496498133185,2.9493568753502384
18,20,-1.1125310781804996,0.856462755277744,-2.5053496498133185,2.9493568753502384
18,21,-1.0576188155912913,0.9113750178669522,-2.5053496498133185,2.9493568753502384
18,22,-1.0563515127675618,0.9126423206906817,-2.5053496498133185,2.9493568753502384
18,23,-1.0479078489215696,0.9210859845366739,-2.5053496498133185,2.9493568753502384
18,24,-0.7948612587194198,1.1741325747388238,-2.5053496498133185,2.9493568753502384
18,25,-0.348498883953573,1.6204949495046705,-2.5053496498133185,2.9493568753502384
18,26,-0.3410348217443811,1.6279590117138625,-2.5053496498133185,2.9493568753502384
19,0,-1.968952460885298,0.0,-2.505628302411337,2.948692315397921
19,1,-1.9077481908804725,0.06120427000482542,-2.505628302411337,2.948692315397921
19,2,-1.8572363964074154,0.11171606447788252,-2.505628302411337,2.948692315397921
19,3,-1.7990163047628873,0.16993615612241064,-2.505628302411337,2.948692315397921
19,4,-1.7928578620796458,0.17609459880565215,-2.505628302411337,2.948692315397921
19,5,-1.7644706338113993,0.20448182707389861,-2.505628302411337,2.948692315397921
19,6,-1.5071443475249835,0.46180811336031447,-2.505628302411337,2.948692315397921
19,7,-1.4496437958683792,0.5193086650169187,-2.505628302411337,2.948692315397921
19,8,-1.4128064582166218,0.5561460026686762,-2.505628302411337,2.948692315397921
19,9,-1.3682868649934652,0.6006655958918328,-2.505628302411337,2.948692315397921
19,10,-1.3586298017053768,0.6103226591799211,-2.505628302411337,2.948692315397921
19,11,-1.3569666636230722,0.6119857972622258,-2.505628302411337,2.948692315397921
19,12,-1.340575456680012,0.6283770042052859,-2.505628302411337,2.948692315397921
19,13,-1.3272996697308324,0.6416527911544656,-2.505628302411337,2.948692315397921
19,14,-1.2788460384805613,0.6901064224047366,-2.505628302411337,2.948692315397921
19,15,-1.2640997374247498,0.7048527234605482,-2.505628302411337,2.948692315397921
19,16,-1.168071380639231,0.8008810802460669,-2.505628302411337,2.948692315397921
19,17,-1.1612441251368404,0.8077083357484576,-2.505628302411337,2.948692315397921
19,18,-1.1569317483084223,0.8120207125768757,-2.505628302411337,2.948692315397921
19,19,-1.1434645404748036,0.8254879204104943,-2.505628302411337,2.948692315397921
19,20,-1.1124345070670567,0.8565179538182413,-2.505628302411337,2.948692315397921
19,21,-1.057642577344901,0.911309883540397,-2.505628302411337,2.948692315397921
19,22,-1.0561096320676708,0.9128428288176271,-2.505628302411337,2.948692315397921
19,23,-1.0479547004948306,0.9209977603904673,-2.505628302411337,2.948692315397921
19,24,-0.7953438342886601,1.173608626596638,-2.505628302411337,2.948692315397921
19,25,-0.34921198651275775,1.61974047437254,-2.505628302411337,2.948692315397921
19,26,-0.34213752894352506,1.6268149319417728,-2.505628302411337,2.948692315397921
20,0,-1.9689784833824084,0.0,-2.5057669800341666,2.948461895593192
20,1,-1.9082735798226322,0.0607049035597762,-2.5057669800341666,2.948461895593192
20,2,-1.857463887748019,0.11151459563438948,-2.5057669800341666,2.948461895593192
20,3,-1.8017132595182217,0.16726522386418674,-2.5057669800341666,2.948461895593192
20,4,-1.7932144342080494,0.17576404917435906,-2.5057669800341666,2.948461895593192
20,5,-1.7640049887073475,0.20497349467506099,-2.5057669800341666,2.948461895593192
20,6,-1.5074358466575994,0.461542636724809,-2.5057669800341666,2.948461895593192
20,7,-1.4494286331805357,0.5195498502018727,-2.5057669800341666,2.948461895593192
20,8,-1.412540533692928,0.5564379496894805,-2.5057669800341666,2.948461895593192
20,9,-1.368220188624855,0.6007582947575534,-2.5057669800341666,2.948461895593192
20,10,-1.358728093522626,0.6102503898597824,-2.5057669800341666,2.948461895593192
20,11,-1.3569961348144524,0.6119823485679561,-2.5057669800341666,2.948461895593192
20,12,-1.341031958982256,0.6279465244001525,-2.5057669800341666,2.948461895593192
20,13,-1.3275099743838423,0.6414685089985661,-2.5057669800341666,2.948461895593192
20,14,-1.278285977386509,0.6906925059958995,-2.5057669800341666,2.948461895593192
20,15,-1.267054292034053,0.7019241913483554,-2.5057669800341666,2.948461895593192
20,16,-1.1669331465719839,0.8020453368104246,-2.5057669800341666,2.948461895593192
20,17,-1.1605893180719664,0.808389165310442,-2.5057669800341666,2.948461895593192
20,18,-1.1554192359303892,0.8135592474520192,-2.5057669800341666,2.948461895593192
20,19,-1.1439510453160011,0.8250274380664073,-2.5057669800341666,2.948461895593192
20,20,-1.112309348283126,0.8566691350992823,-2.5057669800341666,2.948461895593192
20,21,-1.0593441449375431,0.9096343384448653,-2.5057669800341666,2.948461895593192
20,22,-1.0578343740578304,0.911144109324578,-2.5057669800341666,2.948461895593192
20,23,-1.0485093339359708,0.9204691494464377,-2.5057669800341666,2.948461895593192
20,24,-0.7954713396487353,1.1735071437336733,-2.5057669800341666,2.948461895593192
20,25,-0.34386802177450854,1.6251104616079,-2.5057669800341666,2.948461895593192
20,26,-0.33777320231927904,1.6312052810631295,-2.5057669800341666,2.948461895593192
