iteration,state_index,energy_hartree,thermal_weight,occupation
1,0,-1.793686956701219,0.13848256716110227,0 1 2 3
1,1,-1.6194655302789676,0.08211167159965829,0 1 2 5
1,2,-1.6194655302789671,0.08211167159965815,0 1 4 3
1,3,-1.49687964930509,0.05684467377105536,4 1 2 3
1,4,-1.49687964930509,0.05684467377105536,0 5 2 3
1,5,-1.4359776787363965,0.04735235786643349,0 1 4 5
1,6,-1.4279330410974524,0.04622324000497551,0 1 2 7
1,7,-1.427933041097452,0.046223240004975436,0 1 6 3
1,8,-1.359403727476964,0.03763350564441972,6 1 2 3
1,9,-1.359403727476963,0.03763350564441965,0 7 2 3
1,10,-1.3150982527944053,0.03294957416233498,4 1 2 5
1,11,-1.3150982527944053,0.03294957416233498,0 5 4 3
1,12,-1.2733011138371109,0.02906651778738319,4 1 6 3
1,13,-1.27330111383711,0.029066517787383114,0 5 2 7
1,14,-1.2458571590990548,0.026769282533287773,0 1 4 7
1,15,-1.245857159099054,0.0267692825332877,0 1 6 5
1,16,-1.1973786128269337,0.02314594069501499,4 1 2 7
1,17,-1.1973786128269337,0.02314594069501499,0 5 6 3
1,18,-1.1807183145101297,0.022017520488649297,6 1 2 5
1,19,-1.1807183145101297,0.022017520488649297,0 7 4 3
1,20,-1.1535124027544783,0.02029187961375847,4 5 2 3
1,21,-1.0736509263987777,0.015968792644939667,6 5 2 3
1,22,-1.0736509263987772,0.015968792644939653,4 7 2 3
1,23,-1.0080739614238916,0.013116952308869735,0 1 6 7
1,24,-0.9974535787635402,0.012705618726295612,6 1 2 7
1,25,-0.9974535787635402,0.012705618726295612,0 7 6 3
1,26,-0.9137299645220174,0.009883566933807767,6 7 2 3
2,0,-1.8242297504524303,0.14879149594001118,0 1 2 3
2,1,-1.6194686733687786,0.08050044711028091,0 1 2 5
2,2,-1.6194686733687782,0.08050044711028084,0 1 4 3
2,3,-1.5219288902441928,0.06007798024915619,4 1 2 3
2,4,-1.4968796493050833,0.05572872183604752,0 5 2 3
2,5,-1.4526474629712363,0.04880335728817063,0 1 2 7
2,6,-1.4279330410974458,0.04531580381607878,0 1 6 3
2,7,-1.4250259538269092,0.04492231119696892,0 1 4 5
2,8,-1.3594037274769546,0.03689469969024749,6 1 2 3
2,9,-1.3594037274769541,0.03689469969024746,0 7 2 3
2,10,-1.315098252794399,0.03230272128052881,0 5 4 3
2,11,-1.3150982527943982,0.032302721280528725,4 1 2 5
2,12,-1.2733011138371024,0.02849589551766239,4 1 6 3
2,13,-1.2733011138371024,0.02849589551766239,0 5 2 7
2,14,-1.2458571590990477,0.026243758668692975,0 1 6 5
2,15,-1.2458571590990473,0.02624375866869294,0 1 4 7
2,16,-1.2250478152427782,0.024655504064792843,4 1 2 7
2,17,-1.180718314510122,0.021585281318936677,0 7 4 3
2,18,-1.1807183145101212,0.021585281318936618,6 1 2 5
2,19,-1.1752841524298765,0.021236240414880144,0 5 6 3
2,20,-1.153512402754472,0.019893517536580918,4 5 2 3
2,21,-1.073650926398772,0.0156552996847438,4 7 2 3
2,22,-1.073650926398771,0.01565529968474376,6 5 2 3
2,23,-1.0080739614238863,0.012859445539291983,0 1 6 7
2,24,-0.9974535787635358,0.012456187093348215,6 1 2 7
2,25,-0.9974535787635354,0.012456187093348198,0 7 6 3
2,26,-0.9052816311678452,0.009447041389138525,6 7 2 3
3,0,-1.8578129570061273,0.16102926967979322,0 1 2 3
3,1,-1.6192708485166083,0.07872492562527707,0 1 2 5
3,2,-1.619270848516607,0.07872492562527678,0 1 4 3
3,3,-1.5218963407138018,0.05878203604788551,4 1 2 3
3,4,-1.5218963392975722,0.05878203579813895,0 5 2 3
3,5,-1.4525914319379774,0.04774725472051607,0 1 2 7
3,6,-1.452591429992045,0.047747254441777257,0 1 6 3
3,7,-1.4138252065440842,0.0425050501669343,0 1 4 5
3,8,-1.3594037274769488,0.036102368013408895,6 1 2 3
3,9,-1.3594037274769466,0.03610236801340864,0 7 2 3
3,10,-1.3150982527943902,0.03160900458047316,4 1 2 5
3,11,-1.3150982527943893,0.03160900458047308,0 5 4 3
3,12,-1.2733011138370962,0.027883932258221715,4 1 6 3
3,13,-1.2733011138370962,0.027883932258221715,0 5 2 7
3,14,-1.2458571590990415,0.025680161146905554,0 1 4 7
3,15,-1.2458571590990384,0.025680161146905314,0 1 6 5
3,16,-1.2030610338476275,0.022586003002523797,4 1 2 7
3,17,-1.2030610304854676,0.02258600277471055,0 5 6 3
3,18,-1.1807183145101177,0.021121726871114896,0 7 4 3
3,19,-1.1807183145101159,0.02112172687111478,6 1 2 5
3,20,-1.1535124027544668,0.019466294541399767,4 5 2 3
3,21,-1.0736509263987657,0.015319094485764946,6 5 2 3
3,22,-1.0736509263987648,0.015319094485764904,4 7 2 3
3,23,-1.0080739614238814,0.012583282672189042,0 1 6 7
3,24,-0.9974535787635291,0.012188684398122372,0 7 6 3
3,25,-0.9974535787635289,0.012188684398122367,6 1 2 7
3,26,-0.8935966254456409,0.008925721395555338,6 7 2 3
4,0,-1.946085480796763,0.19931871101929302,0 1 2 3
4,1,-1.6187318495911136,0.07465251491868609,0 1 4 3
4,2,-1.618731849591111,0.07465251491868549,0 1 2 5
4,3,-1.5215872891203623,0.055779729427092126,4 1 2 3
4,4,-1.5215872833397925,0.05577972845977627,0 5 2 3
4,5,-1.4522258738084852,0.04530087217144803,0 1 2 7
4,6,-1.4522258673123138,0.04530087128860136,0 1 6 3
4,7,-1.4193142856794683,0.04104181894488341,0 7 2 3
4,8,-1.4193142856794667,0.04104181894488323,6 1 2 3
4,9,-1.3717733610999434,0.03558658522819117,0 1 4 5
4,10,-1.3150982527943849,0.030022389575691557,0 5 4 3
4,11,-1.315098252794383,0.030022389575691397,4 1 2 5
4,12,-1.2733011138370909,0.026484297378845008,0 5 2 7
4,13,-1.27330111383709,0.026484297378844935,4 1 6 3
4,14,-1.245857159099034,0.024391144629565886,0 1 4 7
4,15,-1.245857159099034,0.024391144629565886,0 1 6 5
4,16,-1.1807183145101114,0.020061521109326564,0 7 4 3
4,17,-1.1807183145101097,0.020061521109326456,6 1 2 5
4,18,-1.1535124027544592,0.018489183258813952,4 5 2 3
4,19,-1.1492054749373253,0.018251825253594183,4 1 2 7
4,20,-1.14920544387379,0.01825182355269561,0 5 6 3
4,21,-1.07365092639876,0.014550152043781255,4 7 2 3
4,22,-1.0736509263987586,0.014550152043781206,6 5 2 3
4,23,-1.008073961423876,0.011951664392458808,0 1 6 7
4,24,-0.9974535787635249,0.011576872991490673,6 1 2 7
4,25,-0.9974535787635238,0.011576872991490633,0 7 6 3
4,26,-0.9626019399958368,0.010427582763495914,6 7 2 3
5,0,-1.9449121260533175,0.19692759222584888,0 1 2 3
5,1,-1.6190604711628276,0.07409004252182307,0 1 2 5
5,2,-1.619060471162826,0.07409004252182266,0 1 4 3
5,3,-1.542747052575671,0.058929445455888796,4 1 2 3
5,4,-1.5427470525428144,0.05892944545008012,0 5 2 3
5,5,-1.4483296613196635,0.04439330699947151,0 1 2 7
5,6,-1.4483296612594785,0.04439330699145607,0 1 6 3
5,7,-1.4194292325674196,0.0407064854965474,6 1 2 3
5,8,-1.4194292325674192,0.04070648549654736,0 7 2 3
5,9,-1.3917471739225722,0.03746253071874078,0 1 4 5
5,10,-1.3150982527943742,0.029766824133640298,4 1 2 5
5,11,-1.3150982527943742,0.029766824133640298,0 5 4 3
5,12,-1.273301113837079,0.02625884992903492,4 1 6 3
5,13,-1.273301113837079,0.02625884992903492,0 5 2 7
5,14,-1.2458571590990255,0.024183515132131298,0 1 4 7
5,15,-1.2458571590990246,0.024183515132131232,0 1 6 5
5,16,-1.1807183145101021,0.019890747510589623,0 7 4 3
5,17,-1.1807183145101012,0.01989074751058957,6 1 2 5
5,18,-1.1762402288274971,0.019625317018435416,4 5 2 3
5,19,-1.1445955098028797,0.01784790724667559,4 1 2 7
5,20,-1.1445955096096334,0.01784790723632846,0 5 6 3
5,21,-1.0736509263987528,0.014426293946823241,4 7 2 3
5,22,-1.073650926398752,0.014426293946823203,6 5 2 3
5,23,-0.9974535787635171,0.011478324917687974,0 7 6 3
5,24,-0.9974535787635163,0.011478324917687943,6 1 2 7
5,25,-0.9905115811094626,0.011241749414224416,0 1 6 7
5,26,-0.9771279382854193,0.010799324066295003,6 7 2 3
6,0,-1.9486149201216918,0.19717425851065581,0 1 2 3
6,1,-1.6192858541594142,0.07341297571283929,0 1 2 5
6,2,-1.61928585415941,0.07341297571283839,0 1 4 3
6,3,-1.5382085559380727,0.0575623556418296,0 5 2 3
6,4,-1.5382085508081158,0.057562354755952394,4 1 2 3
6,5,-1.4726845994104318,0.04728990919963271,0 1 6 3
6,6,-1.4726845941787534,0.047289908457415916,0 1 2 7
6,7,-1.4192511901781355,0.04028570570481041,6 1 2 3
6,8,-1.419251190178134,0.04028570570481023,0 7 2 3
6,9,-1.4159502865904816,0.0398887367915131,0 1 4 5
6,10,-1.315098252794368,0.029474865898100357,4 1 2 5
6,11,-1.3150982527943649,0.029474865898100083,0 5 4 3
6,12,-1.2733011138370696,0.026001298520185352,0 5 2 7
6,13,-1.2733011138370687,0.026001298520185283,4 1 6 3
6,14,-1.2458571590990166,0.023946318971216136,0 1 4 7
6,15,-1.2458571590990157,0.023946318971216074,0 1 6 5
6,16,-1.1807183145100941,0.019695655567939202,0 7 4 3
6,17,-1.1807183145100928,0.019695655567939122,6 1 2 5
6,18,-1.1576426380014582,0.018378307930984945,4 5 2 3
6,19,-1.1365701068515124,0.017252437863320334,0 5 6 3
6,20,-1.1365700910619159,0.01725243704609325,4 1 2 7
6,21,-1.0736509263987457,0.014284798323803912,6 5 2 3
6,22,-1.0736509263987448,0.014284798323803877,4 7 2 3
6,23,-1.0187045794999725,0.012113940257392668,0 1 6 7
6,24,-0.9974535787635116,0.011365743492310643,0 7 6 3
6,25,-0.99745357876351,0.011365743492310586,6 1 2 7
6,26,-0.9955384213150115,0.011300629162800292,6 7 2 3
7,0,-1.95268471057333,0.19808723891359345,0 1 2 3
7,1,-1.6346039063202822,0.07628414522434562,0 1 4 3
7,2,-1.6159386264845876,0.0721299448530656,0 1 2 5
7,3,-1.5390645600782231,0.057274017994603965,0 5 2 3
7,4,-1.5390214720208117,0.05726661499455905,4 1 2 3
7,5,-1.473929558420563,0.04710796418826255,0 1 6 3
7,6,-1.4738858857820736,0.04710179260529546,0 1 2 7
7,7,-1.4358645124439824,0.04202425450620866,0 7 2 3
7,8,-1.4130095135065666,0.03923942350329457,0 1 4 5
7,9,-1.4101315504430494,0.03890209300144845,6 1 2 3
7,10,-1.31509825279436,0.029252006244913413,0 5 4 3
7,11,-1.3150982527943587,0.029252006244913295,4 1 2 5
7,12,-1.2733011138370713,0.025804702532585964,4 1 6 3
7,13,-1.273301113837071,0.025804702532585926,0 5 2 7
7,14,-1.2458571590990135,0.023765260697381448,0 1 4 7
7,15,-1.2458571590990126,0.02376526069738138,0 1 6 5
7,16,-1.1948149480611987,0.020391094199772003,0 7 4 3
7,17,-1.169105372850597,0.018877477051933426,6 1 2 5
7,18,-1.157511451650501,0.018232172576185375,0 5 6 3
7,19,-1.1573542802450356,0.018223577874041275,4 1 2 7
7,20,-1.1465352371564164,0.017641588789972382,4 5 2 3
7,21,-1.0736509263987422,0.014176790870562606,6 5 2 3
7,22,-1.0736509263987408,0.014176790870562556,4 7 2 3
7,23,-1.008012734231634,0.011642842403192313,0 1 6 7
7,24,-0.9974535787635065,0.011279807031677972,0 7 6 3
7,25,-0.9974535787635063,0.011279807031677967,6 1 2 7
7,26,-0.9895839573405029,0.011016622565983321,6 7 2 3
8,0,-1.9636811149807916,0.2025080526521779,0 1 2 3
8,1,-1.630640883035275,0.07456408493560146,0 1 2 5
8,2,-1.6305499357520388,0.07454374350786835,0 1 4 3
8,3,-1.5397181499447548,0.05676334352013995,4 1 2 3
8,4,-1.5397157029624107,0.056762926824971256,0 5 2 3
8,5,-1.4752333976387761,0.046779098967751266,0 1 2 7
8,6,-1.4752310012992533,0.04677876267314902,0 1 6 3
8,7,-1.425029491047992,0.04023852138219654,6 1 2 3
8,8,-1.4248436226301782,0.04021609042567392,0 7 2 3
8,9,-1.4098330246420452,0.03844525882949443,0 1 4 5
8,10,-1.3150982527943533,0.028934396143106233,0 5 4 3
8,11,-1.3150982527943502,0.028934396143105962,4 1 2 5
8,12,-1.273301113837059,0.025524522290250734,4 1 6 3
8,13,-1.273301113837059,0.025524522290250734,0 5 2 7
8,14,-1.2458571590990037,0.023507224144046292,0 1 4 7
8,15,-1.2458571590990024,0.023507224144046202,0 1 6 5
8,16,-1.1842663783895393,0.01954140293543095,6 1 2 5
8,17,-1.1842435332841201,0.019540063705093463,0 7 4 3
8,18,-1.181863956021368,0.01940106914390389,4 1 2 7
8,19,-1.1818514171631307,0.019400339355863095,0 5 6 3
8,20,-1.1290693833352865,0.016559243358526543,4 5 2 3
8,21,-1.0736509263987337,0.014022863240642062,4 7 2 3
8,22,-1.0736509263987333,0.014022863240642038,6 5 2 3
8,23,-0.9974535787634996,0.011157334041972533,6 1 2 7
8,24,-0.9974535787634989,0.011157334041972508,0 7 6 3
8,25,-0.991479319591116,0.01095914498073991,0 1 6 7
8,26,-0.9836947305360146,0.010706173081382822,6 7 2 3
9,0,-1.9643226801717986,0.20268382781135022,0 1 2 3
9,1,-1.6344563562998775,0.07534279460336113,0 1 2 5
9,2,-1.6277557666043638,0.07384339195648244,0 1 4 3
9,3,-1.5426241065243316,0.05719986541346474,4 1 2 3
9,4,-1.5381989546449633,0.05644552929401512,0 5 2 3
9,5,-1.4782961870398683,0.04716102391833264,0 1 6 3
9,6,-1.4734835635396453,0.04648501099880081,0 1 2 7
9,7,-1.4297157462872874,0.0407651057708619,0 7 2 3
9,8,-1.421416900622461,0.039762725481476476,6 1 2 3
9,9,-1.4060653790870845,0.037972999327598685,0 1 4 5
9,10,-1.3150982527943422,0.028903826300090474,4 1 2 5
9,11,-1.3150982527943413,0.028903826300090397,0 5 4 3
9,12,-1.2750113661943316,0.02562871299893944,0 5 2 7
9,13,-1.2715469888532227,0.02536372978911958,4 1 6 3
9,14,-1.245857159098998,0.02348238823082195,0 1 6 5
9,15,-1.2458571590989949,0.023482388230821733,0 1 4 7
9,16,-1.1861341313154334,0.01963044386987168,0 5 6 3
9,17,-1.1860910120482273,0.01962790468304322,4 1 2 7
9,18,-1.1813373704855104,0.019349979060975284,6 1 2 5
9,19,-1.181331233708085,0.01934962282471046,0 7 4 3
9,20,-1.1320970337807703,0.016692680455095723,4 5 2 3
9,21,-1.0736509263987288,0.014008047768918709,4 7 2 3
9,22,-1.0736509263987262,0.014008047768918596,6 5 2 3
9,23,-0.9974535787634927,0.01114554606656615,0 7 6 3
9,24,-0.9974535787634925,0.011145546066566146,6 1 2 7
9,25,-0.9943681386275901,0.011042855323471943,0 1 6 7
9,26,-0.9798489223756149,0.010572179686234421,6 7 2 3
10,0,-1.9657490379650486,0.20330052541569754,0 1 2 3
10,1,-1.6314487532878326,0.07457344293752137,0 1 4 3
10,2,-1.631442629149325,0.07457207285582669,0 1 2 5
10,3,-1.5409910707784988,0.05684972617183709,0 5 2 3
10,4,-1.5409904409824717,0.05684961876074349,4 1 2 3
10,5,-1.4763364898432652,0.04682642408091574,0 1 2 7
10,6,-1.4763341866927693,0.046826100537127976,0 1 6 3
10,7,-1.4260269408162827,0.040266466009804464,0 7 2 3
10,8,-1.4260183044790857,0.04026542275898477,6 1 2 3
10,9,-1.4017963182106978,0.03744327592592689,0 1 4 5
10,10,-1.3150982527943404,0.02886797789705438,0 5 4 3
10,11,-1.3150982527943391,0.02886797789705426,4 1 2 5
10,12,-1.273249273532591,0.02546197115486615,4 1 6 3
10,13,-1.273248892819594,0.0254619420737727,0 5 2 7
10,14,-1.2458571590989909,0.023453263847468018,0 1 6 5
10,15,-1.2458571590989895,0.023453263847467924,0 1 4 7
10,16,-1.191002534082733,0.019894549374210275,4 1 2 7
10,17,-1.1909965368497266,0.019894191440685733,0 5 6 3
10,18,-1.1778555380277203,0.019125161139163505,0 7 4 3
10,19,-1.1778554655523399,0.019125156980853975,6 1 2 5
10,20,-1.1352588461983117,0.016830870496422557,4 5 2 3
10,21,-1.073650926398723,0.013990674078080684,4 7 2 3
10,22,-1.0736509263987217,0.013990674078080623,6 5 2 3
10,23,-0.9974535787634918,0.011131722636294238,6 1 2 7
10,24,-0.9974535787634901,0.011131722636294179,0 7 6 3
10,25,-0.997287692107232,0.011126184201797474,0 1 6 7
10,26,-0.9754174832262174,0.01041962076604707,6 7 2 3
11,0,-1.9537857207219833,0.19537201292280085,0 1 2 3
11,1,-1.6617759694726155,0.08135938932987964,0 1 2 5
11,2,-1.6615278973576701,0.08129886286771926,0 1 4 3
11,3,-1.537191273416255,0.05598714762873726,4 1 2 3
11,4,-1.5371394529961273,0.05597844447272097,0 5 2 3
11,5,-1.4753564188041706,0.046507686217264206,0 1 6 3
11,6,-1.4753276581130967,0.04650367361078715,0 1 2 7
11,7,-1.460747453494216,0.04451341916567467,0 1 4 5
11,8,-1.3842769055645983,0.03538822204584051,6 1 2 3
11,9,-1.3840767822843074,0.03536698240106116,0 7 2 3
11,10,-1.3150982527943293,0.028755903804939194,0 5 4 3
11,11,-1.3150982527943271,0.028755903804939007,4 1 2 5
11,12,-1.2843453203789195,0.026221620978821716,0 5 2 7
11,13,-1.2843353528314478,0.026220836894789188,4 1 6 3
11,14,-1.245857159098981,0.023362211288739672,0 1 4 7
11,15,-1.2458571590989775,0.023362211288739422,0 1 6 5
11,16,-1.2092224502961275,0.020930672951058316,6 1 2 5
11,17,-1.2092173147740213,0.020930350483741467,0 7 4 3
11,18,-1.1930033137469214,0.019936620739984708,4 1 2 7
11,19,-1.1929753786855686,0.019934950017822653,0 5 6 3
11,20,-1.0736509263987128,0.013936358112446687,4 7 2 3
11,21,-1.073650926398712,0.013936358112446649,6 5 2 3
11,22,-1.0508300617777118,0.013014166863667274,6 7 2 3
11,23,-1.025327639278425,0.012055623786660757,4 5 2 3
11,24,-0.9974535787634827,0.011088505972051675,0 7 6 3
11,25,-0.9974535787634825,0.011088505972051665,6 1 2 7
11,26,-0.8965918402743722,0.008193358264614165,0 1 6 7
12,0,-1.9662591428752223,0.20126381972588914,0 1 2 3
12,1,-1.6634361215151332,0.08113768442141368,0 1 4 3
12,2,-1.6634244435861096,0.08113484191084652,0 1 2 5
12,3,-1.538683954526456,0.05580653729448191,4 1 2 3
12,4,-1.5386811265478229,0.05580606383740512,0 5 2 3
12,5,-1.4762620804527171,0.04627608921800609,0 1 2 7
12,6,-1.476258651027688,0.046275613119319346,0 1 6 3
12,7,-1.4465777052350723,0.04233322634339863,0 1 4 5
12,8,-1.3906081841740228,0.035789827582266134,0 7 2 3
12,9,-1.390590934545543,0.035787975546499505,6 1 2 3
12,10,-1.3150982527943245,0.028535071598830057,4 1 2 5
12,11,-1.3150982527943245,0.028535071598830057,0 5 4 3
12,12,-1.284888894939327,0.026062717362670865,4 1 6 3
12,13,-1.2848888079717982,0.02606271056284138,0 5 2 7
12,14,-1.2458571590989775,0.023182800177425848,0 1 6 5
12,15,-1.245857159098977,0.02318280017742582,0 1 4 7
12,16,-1.209377254825288,0.020779583023675992,6 1 2 5
12,17,-1.209367614282556,0.020778982052992293,0 7 4 3
12,18,-1.1844262612998704,0.019280957265699332,4 1 2 7
12,19,-1.1844168564746107,0.019280413271271852,0 5 6 3
12,20,-1.073650926398712,0.013829333247988585,4 7 2 3
12,21,-1.073650926398711,0.013829333247988549,6 5 2 3
12,22,-1.0411891420799766,0.012546058857516031,6 7 2 3
12,23,-1.032490156140986,0.012222880219936895,4 5 2 3
12,24,-0.9974535787634807,0.01100335131119072,0 7 6 3
12,25,-0.9974535787634783,0.011003351311190642,6 1 2 7
12,26,-0.9023822161427536,0.008272905712999058,0 1 6 7
13,0,-1.9663001098219928,0.19996065752804543,0 1 2 3
13,1,-1.6800621744081121,0.08472467051385019,0 1 2 5
13,2,-1.6800260952291906,0.08471550062048289,0 1 4 3
13,3,-1.5376683495898185,0.05526972853079519,0 5 2 3
13,4,-1.537667770333927,0.055269632484931025,4 1 2 3
13,5,-1.4754144192490433,0.04585405168750765,0 1 6 3
13,6,-1.4754083073379434,0.0458532109275532,0 1 2 7
13,7,-1.4743134577472095,0.04570285088751895,0 1 4 5
13,8,-1.3754977723153563,0.0339780124345306,6 1 2 3
13,9,-1.3754352479779004,0.03397163967408159,0 7 2 3
13,10,-1.315098252794316,0.028346825929720966,0 5 4 3
13,11,-1.3150982527943142,0.028346825929720817,4 1 2 5
13,12,-1.285997860023866,0.025977061157974952,4 1 6 3
13,13,-1.2859976807962274,0.025977047190556726,0 5 2 7
13,14,-1.245857159098969,0.02302986340570242,0 1 4 7
13,15,-1.245857159098966,0.02302986340570221,0 1 6 5
13,16,-1.2046985344517374,0.02035478274760633,0 7 4 3
13,17,-1.2045966421904146,0.020348561713938895,6 1 2 5
13,18,-1.1582577195834092,0.017707591822062458,0 5 6 3
13,19,-1.1582526959171398,0.017707324952978203,4 1 2 7
13,20,-1.082092347352429,0.014090451190420518,6 7 2 3
13,21,-1.0736509263987044,0.013738101232621723,6 5 2 3
13,22,-1.0736509263987,0.01373810123262154,4 7 2 3
13,23,-1.0344229979203345,0.012212857608778214,4 5 2 3
13,24,-0.9974535787634723,0.010930762279029244,6 1 2 7
13,25,-0.9974535787634699,0.010930762279029166,0 7 6 3
13,26,-0.9029872731541776,0.008233260632238977,0 1 6 7
14,0,-1.966902259013413,0.19993596267314323,0 1 2 3
14,1,-1.6825579895096432,0.08519683797113843,0 1 2 5
14,2,-1.6825376834365562,0.08519164808956334,0 1 4 3
14,3,-1.5386301461503362,0.05532256044904523,4 1 2 3
14,4,-1.538606838309274,0.055318692235948,0 5 2 3
14,5,-1.4815478214555278,0.046615533195709886,0 1 4 5
14,6,-1.4746694591266685,0.045663474304829435,0 1 6 3
14,7,-1.4746538015618462,0.04566132941877857,0 1 2 7
14,8,-1.3737704740133276,0.03373722319502504,0 7 2 3
14,9,-1.3737408318980433,0.03373422320043833,6 1 2 3
14,10,-1.3150982527943058,0.02829217062424767,0 5 4 3
14,11,-1.315098252794305,0.028292170624247593,4 1 2 5
14,12,-1.284800629691983,0.025834020327980545,4 1 6 3
14,13,-1.2847995319319012,0.025833935249451837,0 5 2 7
14,14,-1.2458571590989598,0.022985459696357118,0 1 6 5
14,15,-1.245857159098958,0.022985459696356996,0 1 4 7
14,16,-1.2114191288875418,0.02072929129109708,6 1 2 5
14,17,-1.2113578228304605,0.020725479148323553,0 7 4 3
14,18,-1.1513371434755086,0.017310301418906073,4 1 2 7
14,19,-1.151328630118132,0.017309859318204907,0 5 6 3
14,20,-1.0992430772391049,0.014805808697340377,6 7 2 3
14,21,-1.073650926398696,0.013711612901217292,4 7 2 3
14,22,-1.0736509263986946,0.013711612901217245,6 5 2 3
14,23,-1.0119645845510248,0.011395107598459318,4 5 2 3
14,24,-0.9974535787634656,0.010909686757103288,6 1 2 7
14,25,-0.9974535787634652,0.010909686757103274,0 7 6 3
14,26,-0.8890485670281526,0.007880852258766445,0 1 6 7
15,0,-1.9656415552250033,0.19873492498709125,0 1 2 3
15,1,-1.680683099167894,0.08452915744500275,0 1 4 3
15,2,-1.6806276534001103,0.08451509826221446,0 1 2 5
15,3,-1.5385881999553037,0.05519165894116762,0 5 2 3
15,4,-1.5385461618186433,0.05518469891655332,4 1 2 3
15,5,-1.5033759610486672,0.04965877534622391,0 1 4 5
15,6,-1.4763359820730555,0.045789517165831385,0 1 2 7
15,7,-1.476298267724512,0.045784336693474044,0 1 6 3
15,8,-1.3734889684101639,0.0336332156976,6 1 2 3
15,9,-1.3734571086584726,0.03363000121351932,0 7 2 3
15,10,-1.3150982527942947,0.02822877913475817,4 1 2 5
15,11,-1.3150982527942947,0.02822877913475817,0 5 4 3
15,12,-1.2794971270724576,0.02536927045725679,4 1 6 3
15,13,-1.279496721576057,0.025369239595832007,0 5 2 7
15,14,-1.2458571590989522,0.02293395843312434,0 1 4 7
15,15,-1.2458571590989496,0.022933958433124155,0 1 6 5
15,16,-1.2271772139835233,0.021684091428906687,0 7 4 3
15,17,-1.2271211271668785,0.021680443160864666,6 1 2 5
15,18,-1.152690701065765,0.017341792488664673,0 5 6 3
15,19,-1.1526881122761428,0.0173416578064304,4 1 2 7
15,20,-1.123478698516081,0.015886716684437065,6 7 2 3
15,21,-1.0736509263986893,0.01368089063615498,6 5 2 3
15,22,-1.0736509263986875,0.013680890636154906,4 7 2 3
15,23,-0.9974535787634567,0.010885242492908094,6 1 2 7
15,24,-0.9974535787634567,0.010885242492908094,0 7 6 3
15,25,-0.9768479379397003,0.010232726348430903,4 5 2 3
15,26,-0.8495695298447035,0.006984935966607825,0 1 6 7
16,0,-1.9662823663743523,0.19883455008313883,0 1 2 3
16,1,-1.6810654141651569,0.08450597278145494,0 1 2 5
16,2,-1.6810121012276742,0.08449245807731517,0 1 4 3
16,3,-1.5379788817821174,0.05501262027852726,4 1 2 3
16,4,-1.5379397715343175,0.05500616598554454,0 5 2 3
16,5,-1.5133045555229971,0.051087489315176746,0 1 4 5
16,6,-1.4759332830229859,0.04566927819345149,0 1 6 3
16,7,-1.4759006761814801,0.045664811019198524,0 1 2 7
16,8,-1.3733354080910034,0.03356997940329872,0 7 2 3
16,9,-1.3733153246045107,0.03356795685754529,6 1 2 3
16,10,-1.315098252794293,0.028188687121655318,0 5 4 3
16,11,-1.3150982527942872,0.028188687121654836,4 1 2 5
16,12,-1.2762291360854998,0.025086086793392637,0 5 2 7
16,13,-1.2762277195743963,0.0250859801894577,4 1 6 3
16,14,-1.245857159098946,0.02290138640591692,0 1 6 5
16,15,-1.2458571590989447,0.02290138640591683,0 1 4 7
16,16,-1.2322985469978855,0.02198854452129286,6 1 2 5
16,17,-1.232265467474646,0.021986362517855608,0 7 4 3
16,18,-1.1454521724673996,0.01694516412188138,4 1 2 7
16,19,-1.1454458457047552,0.016944842500839507,0 5 6 3
16,20,-1.1347123809722408,0.016407903116305102,6 7 2 3
16,21,-1.0736509263986849,0.0136614603078355,4 7 2 3
16,22,-1.0736509263986818,0.013661460307835367,6 5 2 3
16,23,-0.9974535787634536,0.01086978269273143,6 1 2 7
16,24,-0.9974535787634512,0.010869782692731353,0 7 6 3
16,25,-0.9695344428847139,0.009996442721201426,4 5 2 3
16,26,-0.8461949445393014,0.006904758466844719,0 1 6 7
17,0,-1.9660496321838576,0.19853957045275578,0 1 2 3
17,1,-1.6805947508783254,0.08432039621383118,0 1 4 3
17,2,-1.680537114164966,0.08430581762273985,0 1 2 5
17,3,-1.5387512533041696,0.055096891060917294,0 5 2 3
17,4,-1.5387068260642922,0.055089548141879656,4 1 2 3
17,5,-1.5171378638261561,0.051637756630402515,0 1 4 5
17,6,-1.4766573453828438,0.04573260803597369,0 1 2 7
17,7,-1.4766178786438053,0.045727193605794136,0 1 6 3
17,8,-1.373276591256619,0.033537670675984205,6 1 2 3
17,9,-1.3732513421348826,0.03353513038200677,0 7 2 3
17,10,-1.3150982527942832,0.028166527066407612,0 5 4 3
17,11,-1.3150982527942818,0.028166527066407498,4 1 2 5
17,12,-1.2734615422682949,0.024859106840992684,4 1 6 3
17,13,-1.2734596669653553,0.02485896698631768,0 5 2 7
17,14,-1.245857159098939,0.022883382871881835,0 1 4 7
17,15,-1.245857159098938,0.022883382871881772,0 1 6 5
17,16,-1.237879015241925,0.0223421845826538,0 7 4 3
17,17,-1.2378491490996166,0.02234018284773861,6 1 2 5
17,18,-1.146106755154188,0.01696512551269237,0 5 6 3
17,19,-1.146105585437625,0.016965065979631908,4 1 2 7
17,20,-1.1357444673157684,0.01644584617266821,6 7 2 3
17,21,-1.0736509263986787,0.01365072058399255,6 5 2 3
17,22,-1.0736509263986769,0.013650720583992476,4 7 2 3
17,23,-0.9974535787634474,0.010861237598596371,0 7 6 3
17,24,-0.9974535787634465,0.010861237598596344,6 1 2 7
17,25,-0.9626993864135791,0.009785852207576181,4 5 2 3
17,26,-0.8409367279718158,0.006791349805687178,0 1 6 7
18,0,-1.9658908312465275,0.1982202573498276,0 1 2 3
18,1,-1.682614046101446,0.08473667170256426,0 1 4 3
18,2,-1.673776846045996,0.08251968473105403,0 1 2 5
18,3,-1.5415229289306136,0.055494011627872326,0 5 2 3
18,4,-1.5369864342031005,0.05474388276591992,4 1 2 3
18,5,-1.5221574479754216,0.05236187098329162,0 1 4 5
18,6,-1.4793640178517307,0.04605325218407232,0 1 2 7
18,7,-1.4749498310476468,0.045447409517528,0 1 6 3
18,8,-1.3774331041131023,0.0339200281860998,6 1 2 3
18,9,-1.3774194712541508,0.03391864093358863,0 7 2 3
18,10,-1.315098252794281,0.028134626792819546,4 1 2 5
18,11,-1.31509825279428,0.02813462679281947,0 5 4 3
18,12,-1.27307433515941,0.024802125000902675,0 5 2 7
18,13,-1.2717320710141242,0.02470245280585887,4 1 6 3
18,14,-1.2470707001952177,0.022940833159835854,0 7 4 3
18,15,-1.2465888172624027,0.022907692732424226,6 1 2 5
18,16,-1.245857159098939,0.022857466074524883,0 1 4 7
18,17,-1.245857159098938,0.022857466074524824,0 1 6 5
18,18,-1.143407442979789,0.01680923871017494,0 5 6 3
18,19,-1.1433977124108685,0.01680874802696961,4 1 2 7
18,20,-1.1378502882658734,0.016531327123110204,6 7 2 3
18,21,-1.0736509263986773,0.013635260327913548,4 7 2 3
18,22,-1.0736509263986773,0.013635260327913548,6 5 2 3
18,23,-0.9974535787634459,0.010848936598544691,0 7 6 3
18,24,-0.9974535787634445,0.010848936598544648,6 1 2 7
18,25,-0.9531232431346006,0.009497950694291341,4 5 2 3
18,26,-0.8333669647128374,0.00663134217700858,0 1 6 7
19,0,-1.9673920977572417,0.19894863284952588,0 1 2 3
19,1,-1.6825788652445515,0.08465692963973068,0 1 4 3
19,2,-1.6708155461410068,0.08172149060451378,0 1 2 5
19,3,-1.543072968294766,0.05570607885593048,0 5 2 3
19,4,-1.536053683572613,0.05454529309377658,4 1 2 3
19,5,-1.521120169574562,0.052155564651021474,0 1 4 5
19,6,-1.4809426703974984,0.04623321055107571,0 1 2 7
19,7,-1.473676014972644,0.045236234624223506,0 1 6 3
19,8,-1.3791826405296332,0.03407003617091682,6 1 2 3
19,9,-1.3786498763271715,0.03401562577741911,0 7 2 3
19,10,-1.3150982527942703,0.028111117260126002,0 5 4 3
19,11,-1.3150982527942667,0.0281111172601257,4 1 2 5
19,12,-1.27272537504491,0.02475547054923181,4 1 6 3
19,13,-1.2726485435251564,0.024749765205508888,0 5 2 7
19,14,-1.2491822946083835,0.023067328265470876,6 1 2 5
19,15,-1.248152817752181,0.022996196323292428,0 7 4 3
19,16,-1.2458571590989274,0.022838366182071024,0 1 6 5
19,17,-1.2458571590989203,0.022838366182070535,0 1 4 7
19,18,-1.1474835777143486,0.017001832032903175,0 5 6 3
19,19,-1.1474813430133712,0.01700171805125326,4 1 2 7
19,20,-1.1391782806176474,0.01658345005826501,6 7 2 3
19,21,-1.0736509263986693,0.013623866588774175,4 7 2 3
19,22,-1.073650926398663,0.013623866588773922,6 5 2 3
19,23,-0.9974535787634394,0.010839871135138048,6 1 2 7
19,24,-0.9974535787634357,0.010839871135137928,0 7 6 3
19,25,-0.9441069022987791,0.009236759111732041,4 5 2 3
19,26,-0.826563742856815,0.006491941251990959,0 1 6 7
20,0,-1.9672436096866641,0.19877731298958734,0 1 2 3
20,1,-1.6825387702982575,0.08461153880235613,0 1 4 3
20,2,-1.6710073304095032,0.0817345115044654,0 1 2 5
20,3,-1.5392991979327018,0.055056059659959154,0 5 2 3
20,4,-1.5362398458499242,0.054553063840438676,4 1 2 3
20,5,-1.5257720249282922,0.05286652885041813,0 1 4 5
20,6,-1.485355817201484,0.04682989544224369,0 1 2 7
20,7,-1.4739299291825216,0.04525187593561173,0 1 6 3
20,8,-1.378466926785903,0.03398282055877699,6 1 2 3
20,9,-1.3777732597257057,0.033912175800481344,0 7 2 3
20,10,-1.3151361799992172,0.028102621923620397,4 1 2 5
20,11,-1.31509825279426,0.028099424543820774,0 5 4 3
20,12,-1.274753998027729,0.024896228669984675,4 1 6 3
20,13,-1.272792325985069,0.024750144238968888,0 5 2 7
20,14,-1.2523500107225516,0.023277899032534285,0 7 4 3
20,15,-1.2516923462230651,0.023232017166280913,6 1 2 5
20,16,-1.2458571590989207,0.022828866647272603,0 1 4 7
20,17,-1.2443282796308688,0.022724398652386773,0 1 6 5
20,18,-1.142589826593416,0.016747078391342107,6 7 2 3
20,19,-1.1396719575829408,0.016601120807850922,4 1 2 7
20,20,-1.1391674055273915,0.016576011427245366,0 5 6 3
20,21,-1.0737109360646904,0.013620651682909095,4 7 2 3
20,22,-1.0736509263986613,0.013618199791345738,6 5 2 3
20,23,-0.9974535787634299,0.010835362330425846,6 1 2 7
20,24,-0.9959026168343053,0.010785063734592674,0 7 6 3
20,25,-0.9439360895415835,0.009228187027551155,4 5 2 3
20,26,-0.8271641757246161,0.006500940547529182,0 1 6 7
